Case ID,Activity,Resource,Start Timestamp,Complete Timestamp,Variant,Variant index,elementId,fixedCost,processId,resourceCost,resourceId
60,START,,2025-12-09 10:01:00.000,2025-12-09 10:01:00.000,Variant 1,1,sid-7E063660-AF89-4E86-906B-E703580F1C75,,sid-e383f3a2-1ab6-4a0e-9b02-73baee020cf0,,
60,END,,2025-12-09 10:01:00.000,2025-12-09 10:01:00.000,Variant 1,1,sid-B3145B77-A916-4A27-82D5-3A1E113A7FC9,,sid-e383f3a2-1ab6-4a0e-9b02-73baee020cf0,,
61,START,,2025-12-09 10:01:01.000,2025-12-09 10:01:01.000,Variant 3,3,sid-7E063660-AF89-4E86-906B-E703580F1C75,,sid-e383f3a2-1ab6-4a0e-9b02-73baee020cf0,,
61,CHECK DATA BALANCING,Session-000001,2025-12-09 10:01:01.000,2025-12-09 10:01:02.000,Variant 3,3,sid-B48DF955-D774-4256-AEB6-099744469155,1.0,sid-e383f3a2-1ab6-4a0e-9b02-73baee020cf0,0.0,QBP_DEFAULT_RESOURCE
61,CHECK COVERAGE,Session-000004,2025-12-09 10:01:02.000,2025-12-09 10:01:03.000,Variant 3,3,sid-84855BE7-4A74-4AA7-A950-22E81A38081C,1.0,sid-e383f3a2-1ab6-4a0e-9b02-73baee020cf0,0.0,QBP_DEFAULT_RESOURCE
61,CONFIGURE INGESTION SYSTEM,Session-000008,2025-12-09 10:01:03.000,2025-12-09 10:01:04.000,Variant 3,3,sid-52FE4380-2098-41C0-BE60-F2DEACC760F5,1.0,sid-e383f3a2-1ab6-4a0e-9b02-73baee020cf0,0.0,QBP_DEFAULT_RESOURCE
61,CONFIGURE PREPARATION SYSTEM,Session-000002,2025-12-09 10:01:04.000,2025-12-09 10:01:05.000,Variant 3,3,sid-C6B14BB8-F42E-43E5-9A7E-0AA34AA52EE6,1.0,sid-e383f3a2-1ab6-4a0e-9b02-73baee020cf0,0.0,QBP_DEFAULT_RESOURCE
61,CONFIGURE SEGREGATION SYSTEM,Session-000007,2025-12-09 10:01:05.000,2025-12-09 10:01:06.000,Variant 3,3,sid-1C9C5582-B583-4832-8DEA-4BDBB1AF9F15,1.0,sid-e383f3a2-1ab6-4a0e-9b02-73baee020cf0,0.0,QBP_DEFAULT_RESOURCE
61,CONFIGURE DEVELOPMENT SYSTEM,Session-000002,2025-12-09 10:01:06.000,2025-12-09 10:01:07.000,Variant 3,3,sid-AB394422-8628-4377-B7B8-A25A46935C63,1.0,sid-e383f3a2-1ab6-4a0e-9b02-73baee020cf0,0.0,QBP_DEFAULT_RESOURCE
61,CONFIGURE CLASSIFICATION SYSTEM,Session-000006,2025-12-09 10:01:07.000,2025-12-09 10:01:08.000,Variant 3,3,sid-50D70578-9920-4164-BA4D-ED2DFBC6DFC4,1.0,sid-e383f3a2-1ab6-4a0e-9b02-73baee020cf0,0.0,QBP_DEFAULT_RESOURCE
61,CONFIGURE EVALUATION SYSTEM,Session-000010,2025-12-09 10:01:08.000,2025-12-09 10:01:09.000,Variant 3,3,sid-8AEFBBF0-A454-4978-9B69-49B3851CF601,1.0,sid-e383f3a2-1ab6-4a0e-9b02-73baee020cf0,0.0,QBP_DEFAULT_RESOURCE
61,CONFIGURE CLIENT-SIDE SYSTEMS,Session-000004,2025-12-09 10:01:09.000,2025-12-09 10:01:10.000,Variant 3,3,sid-2A6D8261-8FF9-4B37-A6BF-D919D2DFB69B,1.0,sid-e383f3a2-1ab6-4a0e-9b02-73baee020cf0,0.0,QBP_DEFAULT_RESOURCE
61,END,,2025-12-09 10:01:10.000,2025-12-09 10:01:10.000,Variant 3,3,sid-B3145B77-A916-4A27-82D5-3A1E113A7FC9,,sid-e383f3a2-1ab6-4a0e-9b02-73baee020cf0,,
62,START,,2025-12-09 10:01:02.000,2025-12-09 10:01:02.000,Variant 1,1,sid-7E063660-AF89-4E86-906B-E703580F1C75,,sid-e383f3a2-1ab6-4a0e-9b02-73baee020cf0,,
62,END,,2025-12-09 10:01:02.000,2025-12-09 10:01:02.000,Variant 1,1,sid-B3145B77-A916-4A27-82D5-3A1E113A7FC9,,sid-e383f3a2-1ab6-4a0e-9b02-73baee020cf0,,
25,START,,2025-12-09 10:00:25.000,2025-12-09 10:00:25.000,Variant 1,1,sid-7E063660-AF89-4E86-906B-E703580F1C75,,sid-e383f3a2-1ab6-4a0e-9b02-73baee020cf0,,
25,END,,2025-12-09 10:00:25.000,2025-12-09 10:00:25.000,Variant 1,1,sid-B3145B77-A916-4A27-82D5-3A1E113A7FC9,,sid-e383f3a2-1ab6-4a0e-9b02-73baee020cf0,,
26,START,,2025-12-09 10:00:26.000,2025-12-09 10:00:26.000,Variant 1,1,sid-7E063660-AF89-4E86-906B-E703580F1C75,,sid-e383f3a2-1ab6-4a0e-9b02-73baee020cf0,,
26,END,,2025-12-09 10:00:26.000,2025-12-09 10:00:26.000,Variant 1,1,sid-B3145B77-A916-4A27-82D5-3A1E113A7FC9,,sid-e383f3a2-1ab6-4a0e-9b02-73baee020cf0,,
69,START,,2025-12-09 10:01:09.000,2025-12-09 10:01:09.000,Variant 1,1,sid-7E063660-AF89-4E86-906B-E703580F1C75,,sid-e383f3a2-1ab6-4a0e-9b02-73baee020cf0,,
69,END,,2025-12-09 10:01:09.000,2025-12-09 10:01:09.000,Variant 1,1,sid-B3145B77-A916-4A27-82D5-3A1E113A7FC9,,sid-e383f3a2-1ab6-4a0e-9b02-73baee020cf0,,
27,START,,2025-12-09 10:00:27.000,2025-12-09 10:00:27.000,Variant 1,1,sid-7E063660-AF89-4E86-906B-E703580F1C75,,sid-e383f3a2-1ab6-4a0e-9b02-73baee020cf0,,
27,END,,2025-12-09 10:00:27.000,2025-12-09 10:00:27.000,Variant 1,1,sid-B3145B77-A916-4A27-82D5-3A1E113A7FC9,,sid-e383f3a2-1ab6-4a0e-9b02-73baee020cf0,,
29,START,,2025-12-09 10:00:29.000,2025-12-09 10:00:29.000,Variant 5,5,sid-7E063660-AF89-4E86-906B-E703580F1C75,,sid-e383f3a2-1ab6-4a0e-9b02-73baee020cf0,,
29,EVALUATE CLASSIFIER,Session-000001,2025-12-09 10:00:29.000,2025-12-09 10:00:30.000,Variant 5,5,sid-3F9FCBD8-DDC3-4B0E-83B6-1C5C1C3EAA41,1.0,sid-e383f3a2-1ab6-4a0e-9b02-73baee020cf0,0.0,QBP_DEFAULT_RESOURCE
29,CONFIGURE INGESTION SYSTEM,Session-000004,2025-12-09 10:00:30.000,2025-12-09 10:00:31.000,Variant 5,5,sid-52FE4380-2098-41C0-BE60-F2DEACC760F5,1.0,sid-e383f3a2-1ab6-4a0e-9b02-73baee020cf0,0.0,QBP_DEFAULT_RESOURCE
29,CONFIGURE PREPARATION SYSTEM,Session-000007,2025-12-09 10:00:31.000,2025-12-09 10:00:32.000,Variant 5,5,sid-C6B14BB8-F42E-43E5-9A7E-0AA34AA52EE6,1.0,sid-e383f3a2-1ab6-4a0e-9b02-73baee020cf0,0.0,QBP_DEFAULT_RESOURCE
29,CONFIGURE SEGREGATION SYSTEM,Session-000008,2025-12-09 10:00:32.000,2025-12-09 10:00:33.000,Variant 5,5,sid-1C9C5582-B583-4832-8DEA-4BDBB1AF9F15,1.0,sid-e383f3a2-1ab6-4a0e-9b02-73baee020cf0,0.0,QBP_DEFAULT_RESOURCE
29,CONFIGURE DEVELOPMENT SYSTEM,Session-000010,2025-12-09 10:00:33.000,2025-12-09 10:00:34.000,Variant 5,5,sid-AB394422-8628-4377-B7B8-A25A46935C63,1.0,sid-e383f3a2-1ab6-4a0e-9b02-73baee020cf0,0.0,QBP_DEFAULT_RESOURCE
29,CONFIGURE CLASSIFICATION SYSTEM,Session-000002,2025-12-09 10:00:34.000,2025-12-09 10:00:35.000,Variant 5,5,sid-50D70578-9920-4164-BA4D-ED2DFBC6DFC4,1.0,sid-e383f3a2-1ab6-4a0e-9b02-73baee020cf0,0.0,QBP_DEFAULT_RESOURCE
29,CONFIGURE EVALUATION SYSTEM,Session-000005,2025-12-09 10:00:35.000,2025-12-09 10:00:36.000,Variant 5,5,sid-8AEFBBF0-A454-4978-9B69-49B3851CF601,1.0,sid-e383f3a2-1ab6-4a0e-9b02-73baee020cf0,0.0,QBP_DEFAULT_RESOURCE
29,CONFIGURE CLIENT-SIDE SYSTEMS,Session-000008,2025-12-09 10:00:36.000,2025-12-09 10:00:37.000,Variant 5,5,sid-2A6D8261-8FF9-4B37-A6BF-D919D2DFB69B,1.0,sid-e383f3a2-1ab6-4a0e-9b02-73baee020cf0,0.0,QBP_DEFAULT_RESOURCE
29,END,,2025-12-09 10:00:37.000,2025-12-09 10:00:37.000,Variant 5,5,sid-B3145B77-A916-4A27-82D5-3A1E113A7FC9,,sid-e383f3a2-1ab6-4a0e-9b02-73baee020cf0,,
28,START,,2025-12-09 10:00:28.000,2025-12-09 10:00:28.000,Variant 1,1,sid-7E063660-AF89-4E86-906B-E703580F1C75,,sid-e383f3a2-1ab6-4a0e-9b02-73baee020cf0,,
28,END,,2025-12-09 10:00:28.000,2025-12-09 10:00:28.000,Variant 1,1,sid-B3145B77-A916-4A27-82D5-3A1E113A7FC9,,sid-e383f3a2-1ab6-4a0e-9b02-73baee020cf0,,
7,START,,2025-12-09 10:00:07.000,2025-12-09 10:00:07.000,Variant 2,2,sid-7E063660-AF89-4E86-906B-E703580F1C75,,sid-e383f3a2-1ab6-4a0e-9b02-73baee020cf0,,
7,CHECK DATA BALANCING,Session-000010,2025-12-09 10:00:07.000,2025-12-09 10:00:08.000,Variant 2,2,sid-B48DF955-D774-4256-AEB6-099744469155,1.0,sid-e383f3a2-1ab6-4a0e-9b02-73baee020cf0,0.0,QBP_DEFAULT_RESOURCE
7,CONFIGURE INGESTION SYSTEM,Session-000004,2025-12-09 10:00:08.000,2025-12-09 10:00:09.000,Variant 2,2,sid-52FE4380-2098-41C0-BE60-F2DEACC760F5,1.0,sid-e383f3a2-1ab6-4a0e-9b02-73baee020cf0,0.0,QBP_DEFAULT_RESOURCE
7,CONFIGURE PREPARATION SYSTEM,Session-000008,2025-12-09 10:00:09.000,2025-12-09 10:00:10.000,Variant 2,2,sid-C6B14BB8-F42E-43E5-9A7E-0AA34AA52EE6,1.0,sid-e383f3a2-1ab6-4a0e-9b02-73baee020cf0,0.0,QBP_DEFAULT_RESOURCE
7,CONFIGURE SEGREGATION SYSTEM,Session-000003,2025-12-09 10:00:10.000,2025-12-09 10:00:11.000,Variant 2,2,sid-1C9C5582-B583-4832-8DEA-4BDBB1AF9F15,1.0,sid-e383f3a2-1ab6-4a0e-9b02-73baee020cf0,0.0,QBP_DEFAULT_RESOURCE
7,CONFIGURE DEVELOPMENT SYSTEM,Session-000009,2025-12-09 10:00:11.000,2025-12-09 10:00:12.000,Variant 2,2,sid-AB394422-8628-4377-B7B8-A25A46935C63,1.0,sid-e383f3a2-1ab6-4a0e-9b02-73baee020cf0,0.0,QBP_DEFAULT_RESOURCE
7,CONFIGURE CLASSIFICATION SYSTEM,Session-000006,2025-12-09 10:00:12.000,2025-12-09 10:00:13.000,Variant 2,2,sid-50D70578-9920-4164-BA4D-ED2DFBC6DFC4,1.0,sid-e383f3a2-1ab6-4a0e-9b02-73baee020cf0,0.0,QBP_DEFAULT_RESOURCE
7,CONFIGURE EVALUATION SYSTEM,Session-000002,2025-12-09 10:00:13.000,2025-12-09 10:00:14.000,Variant 2,2,sid-8AEFBBF0-A454-4978-9B69-49B3851CF601,1.0,sid-e383f3a2-1ab6-4a0e-9b02-73baee020cf0,0.0,QBP_DEFAULT_RESOURCE
7,CONFIGURE CLIENT-SIDE SYSTEMS,Session-000007,2025-12-09 10:00:14.000,2025-12-09 10:00:15.000,Variant 2,2,sid-2A6D8261-8FF9-4B37-A6BF-D919D2DFB69B,1.0,sid-e383f3a2-1ab6-4a0e-9b02-73baee020cf0,0.0,QBP_DEFAULT_RESOURCE
7,END,,2025-12-09 10:00:15.000,2025-12-09 10:00:15.000,Variant 2,2,sid-B3145B77-A916-4A27-82D5-3A1E113A7FC9,,sid-e383f3a2-1ab6-4a0e-9b02-73baee020cf0,,
6,START,,2025-12-09 10:00:06.000,2025-12-09 10:00:06.000,Variant 3,3,sid-7E063660-AF89-4E86-906B-E703580F1C75,,sid-e383f3a2-1ab6-4a0e-9b02-73baee020cf0,,
6,CHECK DATA BALANCING,Session-000007,2025-12-09 10:00:06.000,2025-12-09 10:00:07.000,Variant 3,3,sid-B48DF955-D774-4256-AEB6-099744469155,1.0,sid-e383f3a2-1ab6-4a0e-9b02-73baee020cf0,0.0,QBP_DEFAULT_RESOURCE
6,CHECK COVERAGE,Session-000001,2025-12-09 10:00:07.000,2025-12-09 10:00:08.000,Variant 3,3,sid-84855BE7-4A74-4AA7-A950-22E81A38081C,1.0,sid-e383f3a2-1ab6-4a0e-9b02-73baee020cf0,0.0,QBP_DEFAULT_RESOURCE
6,CONFIGURE INGESTION SYSTEM,Session-000005,2025-12-09 10:00:08.000,2025-12-09 10:00:09.000,Variant 3,3,sid-52FE4380-2098-41C0-BE60-F2DEACC760F5,1.0,sid-e383f3a2-1ab6-4a0e-9b02-73baee020cf0,0.0,QBP_DEFAULT_RESOURCE
6,CONFIGURE PREPARATION SYSTEM,Session-000009,2025-12-09 10:00:09.000,2025-12-09 10:00:10.000,Variant 3,3,sid-C6B14BB8-F42E-43E5-9A7E-0AA34AA52EE6,1.0,sid-e383f3a2-1ab6-4a0e-9b02-73baee020cf0,0.0,QBP_DEFAULT_RESOURCE
6,CONFIGURE SEGREGATION SYSTEM,Session-000004,2025-12-09 10:00:10.000,2025-12-09 10:00:11.000,Variant 3,3,sid-1C9C5582-B583-4832-8DEA-4BDBB1AF9F15,1.0,sid-e383f3a2-1ab6-4a0e-9b02-73baee020cf0,0.0,QBP_DEFAULT_RESOURCE
6,CONFIGURE DEVELOPMENT SYSTEM,Session-000010,2025-12-09 10:00:11.000,2025-12-09 10:00:12.000,Variant 3,3,sid-AB394422-8628-4377-B7B8-A25A46935C63,1.0,sid-e383f3a2-1ab6-4a0e-9b02-73baee020cf0,0.0,QBP_DEFAULT_RESOURCE
6,CONFIGURE CLASSIFICATION SYSTEM,Session-000007,2025-12-09 10:00:12.000,2025-12-09 10:00:13.000,Variant 3,3,sid-50D70578-9920-4164-BA4D-ED2DFBC6DFC4,1.0,sid-e383f3a2-1ab6-4a0e-9b02-73baee020cf0,0.0,QBP_DEFAULT_RESOURCE
6,CONFIGURE EVALUATION SYSTEM,Session-000003,2025-12-09 10:00:13.000,2025-12-09 10:00:14.000,Variant 3,3,sid-8AEFBBF0-A454-4978-9B69-49B3851CF601,1.0,sid-e383f3a2-1ab6-4a0e-9b02-73baee020cf0,0.0,QBP_DEFAULT_RESOURCE
6,CONFIGURE CLIENT-SIDE SYSTEMS,Session-000008,2025-12-09 10:00:14.000,2025-12-09 10:00:15.000,Variant 3,3,sid-2A6D8261-8FF9-4B37-A6BF-D919D2DFB69B,1.0,sid-e383f3a2-1ab6-4a0e-9b02-73baee020cf0,0.0,QBP_DEFAULT_RESOURCE
6,END,,2025-12-09 10:00:15.000,2025-12-09 10:00:15.000,Variant 3,3,sid-B3145B77-A916-4A27-82D5-3A1E113A7FC9,,sid-e383f3a2-1ab6-4a0e-9b02-73baee020cf0,,
8,START,,2025-12-09 10:00:08.000,2025-12-09 10:00:08.000,Variant 1,1,sid-7E063660-AF89-4E86-906B-E703580F1C75,,sid-e383f3a2-1ab6-4a0e-9b02-73baee020cf0,,
8,END,,2025-12-09 10:00:08.000,2025-12-09 10:00:08.000,Variant 1,1,sid-B3145B77-A916-4A27-82D5-3A1E113A7FC9,,sid-e383f3a2-1ab6-4a0e-9b02-73baee020cf0,,
9,START,,2025-12-09 10:00:09.000,2025-12-09 10:00:09.000,Variant 1,1,sid-7E063660-AF89-4E86-906B-E703580F1C75,,sid-e383f3a2-1ab6-4a0e-9b02-73baee020cf0,,
9,END,,2025-12-09 10:00:09.000,2025-12-09 10:00:09.000,Variant 1,1,sid-B3145B77-A916-4A27-82D5-3A1E113A7FC9,,sid-e383f3a2-1ab6-4a0e-9b02-73baee020cf0,,
91,START,,2025-12-09 10:01:31.000,2025-12-09 10:01:31.000,Variant 1,1,sid-7E063660-AF89-4E86-906B-E703580F1C75,,sid-e383f3a2-1ab6-4a0e-9b02-73baee020cf0,,
91,END,,2025-12-09 10:01:31.000,2025-12-09 10:01:31.000,Variant 1,1,sid-B3145B77-A916-4A27-82D5-3A1E113A7FC9,,sid-e383f3a2-1ab6-4a0e-9b02-73baee020cf0,,
92,START,,2025-12-09 10:01:32.000,2025-12-09 10:01:32.000,Variant 6,6,sid-7E063660-AF89-4E86-906B-E703580F1C75,,sid-e383f3a2-1ab6-4a0e-9b02-73baee020cf0,,
92,CHECK DATA BALANCING,Session-000001,2025-12-09 10:01:32.000,2025-12-09 10:01:33.000,Variant 6,6,sid-B48DF955-D774-4256-AEB6-099744469155,1.0,sid-e383f3a2-1ab6-4a0e-9b02-73baee020cf0,0.0,QBP_DEFAULT_RESOURCE
92,CHECK COVERAGE,Session-000006,2025-12-09 10:01:33.000,2025-12-09 10:01:34.000,Variant 6,6,sid-84855BE7-4A74-4AA7-A950-22E81A38081C,1.0,sid-e383f3a2-1ab6-4a0e-9b02-73baee020cf0,0.0,QBP_DEFAULT_RESOURCE
92,SET NUMBER OF ITERATIONS,Session-000009,2025-12-09 10:01:34.000,2025-12-09 10:01:35.000,Variant 6,6,sid-7D343CDC-849C-4479-9343-9EF1E02C5042,1.0,sid-e383f3a2-1ab6-4a0e-9b02-73baee020cf0,0.0,QBP_DEFAULT_RESOURCE
92,CHECK VALIDATION RESULTS,Session-000002,2025-12-09 10:01:35.000,2025-12-09 10:01:36.000,Variant 6,6,sid-CDCECFDC-6D1A-4D0D-AC63-4678A965EE2D,1.0,sid-e383f3a2-1ab6-4a0e-9b02-73baee020cf0,0.0,QBP_DEFAULT_RESOURCE
92,SET NUMBER OF ITERATIONS,Session-000005,2025-12-09 10:01:36.000,2025-12-09 10:01:37.000,Variant 6,6,sid-7D343CDC-849C-4479-9343-9EF1E02C5042,1.0,sid-e383f3a2-1ab6-4a0e-9b02-73baee020cf0,0.0,QBP_DEFAULT_RESOURCE
92,CHECK VALIDATION RESULTS,Session-000007,2025-12-09 10:01:37.000,2025-12-09 10:01:38.000,Variant 6,6,sid-CDCECFDC-6D1A-4D0D-AC63-4678A965EE2D,1.0,sid-e383f3a2-1ab6-4a0e-9b02-73baee020cf0,0.0,QBP_DEFAULT_RESOURCE
92,SET NUMBER OF ITERATIONS,Session-000009,2025-12-09 10:01:38.000,2025-12-09 10:01:39.000,Variant 6,6,sid-7D343CDC-849C-4479-9343-9EF1E02C5042,1.0,sid-e383f3a2-1ab6-4a0e-9b02-73baee020cf0,0.0,QBP_DEFAULT_RESOURCE
92,CHECK VALIDATION RESULTS,Session-000002,2025-12-09 10:01:39.000,2025-12-09 10:01:40.000,Variant 6,6,sid-CDCECFDC-6D1A-4D0D-AC63-4678A965EE2D,1.0,sid-e383f3a2-1ab6-4a0e-9b02-73baee020cf0,0.0,QBP_DEFAULT_RESOURCE
92,CHECK TEST RESULTS,Session-000004,2025-12-09 10:01:40.000,2025-12-09 10:01:41.000,Variant 6,6,sid-3F3477CA-2154-443D-990D-BA61AA0EEDD2,1.0,sid-e383f3a2-1ab6-4a0e-9b02-73baee020cf0,0.0,QBP_DEFAULT_RESOURCE
92,CONFIGURE INGESTION SYSTEM,Session-000006,2025-12-09 10:01:41.000,2025-12-09 10:01:42.000,Variant 6,6,sid-52FE4380-2098-41C0-BE60-F2DEACC760F5,1.0,sid-e383f3a2-1ab6-4a0e-9b02-73baee020cf0,0.0,QBP_DEFAULT_RESOURCE
92,CONFIGURE PREPARATION SYSTEM,Session-000008,2025-12-09 10:01:42.000,2025-12-09 10:01:43.000,Variant 6,6,sid-C6B14BB8-F42E-43E5-9A7E-0AA34AA52EE6,1.0,sid-e383f3a2-1ab6-4a0e-9b02-73baee020cf0,0.0,QBP_DEFAULT_RESOURCE
92,CONFIGURE SEGREGATION SYSTEM,Session-000009,2025-12-09 10:01:43.000,2025-12-09 10:01:44.000,Variant 6,6,sid-1C9C5582-B583-4832-8DEA-4BDBB1AF9F15,1.0,sid-e383f3a2-1ab6-4a0e-9b02-73baee020cf0,0.0,QBP_DEFAULT_RESOURCE
92,CONFIGURE DEVELOPMENT SYSTEM,Session-000010,2025-12-09 10:01:44.000,2025-12-09 10:01:45.000,Variant 6,6,sid-AB394422-8628-4377-B7B8-A25A46935C63,1.0,sid-e383f3a2-1ab6-4a0e-9b02-73baee020cf0,0.0,QBP_DEFAULT_RESOURCE
92,CONFIGURE CLASSIFICATION SYSTEM,Session-000001,2025-12-09 10:01:45.000,2025-12-09 10:01:46.000,Variant 6,6,sid-50D70578-9920-4164-BA4D-ED2DFBC6DFC4,1.0,sid-e383f3a2-1ab6-4a0e-9b02-73baee020cf0,0.0,QBP_DEFAULT_RESOURCE
92,CONFIGURE EVALUATION SYSTEM,Session-000002,2025-12-09 10:01:46.000,2025-12-09 10:01:47.000,Variant 6,6,sid-8AEFBBF0-A454-4978-9B69-49B3851CF601,1.0,sid-e383f3a2-1ab6-4a0e-9b02-73baee020cf0,0.0,QBP_DEFAULT_RESOURCE
92,CONFIGURE CLIENT-SIDE SYSTEMS,Session-000003,2025-12-09 10:01:47.000,2025-12-09 10:01:48.000,Variant 6,6,sid-2A6D8261-8FF9-4B37-A6BF-D919D2DFB69B,1.0,sid-e383f3a2-1ab6-4a0e-9b02-73baee020cf0,0.0,QBP_DEFAULT_RESOURCE
92,END,,2025-12-09 10:01:48.000,2025-12-09 10:01:48.000,Variant 6,6,sid-B3145B77-A916-4A27-82D5-3A1E113A7FC9,,sid-e383f3a2-1ab6-4a0e-9b02-73baee020cf0,,
0,START,,2025-12-09 10:00:00.000,2025-12-09 10:00:00.000,Variant 1,1,sid-7E063660-AF89-4E86-906B-E703580F1C75,,sid-e383f3a2-1ab6-4a0e-9b02-73baee020cf0,,
0,END,,2025-12-09 10:00:00.000,2025-12-09 10:00:00.000,Variant 1,1,sid-B3145B77-A916-4A27-82D5-3A1E113A7FC9,,sid-e383f3a2-1ab6-4a0e-9b02-73baee020cf0,,
50,START,,2025-12-09 10:00:50.000,2025-12-09 10:00:50.000,Variant 3,3,sid-7E063660-AF89-4E86-906B-E703580F1C75,,sid-e383f3a2-1ab6-4a0e-9b02-73baee020cf0,,
50,CHECK DATA BALANCING,Session-000008,2025-12-09 10:00:50.000,2025-12-09 10:00:51.000,Variant 3,3,sid-B48DF955-D774-4256-AEB6-099744469155,1.0,sid-e383f3a2-1ab6-4a0e-9b02-73baee020cf0,0.0,QBP_DEFAULT_RESOURCE
50,CHECK COVERAGE,Session-000002,2025-12-09 10:00:51.000,2025-12-09 10:00:52.000,Variant 3,3,sid-84855BE7-4A74-4AA7-A950-22E81A38081C,1.0,sid-e383f3a2-1ab6-4a0e-9b02-73baee020cf0,0.0,QBP_DEFAULT_RESOURCE
50,CONFIGURE INGESTION SYSTEM,Session-000006,2025-12-09 10:00:52.000,2025-12-09 10:00:53.000,Variant 3,3,sid-52FE4380-2098-41C0-BE60-F2DEACC760F5,1.0,sid-e383f3a2-1ab6-4a0e-9b02-73baee020cf0,0.0,QBP_DEFAULT_RESOURCE
50,CONFIGURE PREPARATION SYSTEM,Session-000010,2025-12-09 10:00:53.000,2025-12-09 10:00:54.000,Variant 3,3,sid-C6B14BB8-F42E-43E5-9A7E-0AA34AA52EE6,1.0,sid-e383f3a2-1ab6-4a0e-9b02-73baee020cf0,0.0,QBP_DEFAULT_RESOURCE
50,CONFIGURE SEGREGATION SYSTEM,Session-000005,2025-12-09 10:00:54.000,2025-12-09 10:00:55.000,Variant 3,3,sid-1C9C5582-B583-4832-8DEA-4BDBB1AF9F15,1.0,sid-e383f3a2-1ab6-4a0e-9b02-73baee020cf0,0.0,QBP_DEFAULT_RESOURCE
50,CONFIGURE DEVELOPMENT SYSTEM,Session-000010,2025-12-09 10:00:55.000,2025-12-09 10:00:56.000,Variant 3,3,sid-AB394422-8628-4377-B7B8-A25A46935C63,1.0,sid-e383f3a2-1ab6-4a0e-9b02-73baee020cf0,0.0,QBP_DEFAULT_RESOURCE
50,CONFIGURE CLASSIFICATION SYSTEM,Session-000005,2025-12-09 10:00:56.000,2025-12-09 10:00:57.000,Variant 3,3,sid-50D70578-9920-4164-BA4D-ED2DFBC6DFC4,1.0,sid-e383f3a2-1ab6-4a0e-9b02-73baee020cf0,0.0,QBP_DEFAULT_RESOURCE
50,CONFIGURE EVALUATION SYSTEM,Session-000010,2025-12-09 10:00:57.000,2025-12-09 10:00:58.000,Variant 3,3,sid-8AEFBBF0-A454-4978-9B69-49B3851CF601,1.0,sid-e383f3a2-1ab6-4a0e-9b02-73baee020cf0,0.0,QBP_DEFAULT_RESOURCE
50,CONFIGURE CLIENT-SIDE SYSTEMS,Session-000005,2025-12-09 10:00:58.000,2025-12-09 10:00:59.000,Variant 3,3,sid-2A6D8261-8FF9-4B37-A6BF-D919D2DFB69B,1.0,sid-e383f3a2-1ab6-4a0e-9b02-73baee020cf0,0.0,QBP_DEFAULT_RESOURCE
50,END,,2025-12-09 10:00:59.000,2025-12-09 10:00:59.000,Variant 3,3,sid-B3145B77-A916-4A27-82D5-3A1E113A7FC9,,sid-e383f3a2-1ab6-4a0e-9b02-73baee020cf0,,
70,START,,2025-12-09 10:01:10.000,2025-12-09 10:01:10.000,Variant 2,2,sid-7E063660-AF89-4E86-906B-E703580F1C75,,sid-e383f3a2-1ab6-4a0e-9b02-73baee020cf0,,
70,CHECK DATA BALANCING,Session-000006,2025-12-09 10:01:10.000,2025-12-09 10:01:11.000,Variant 2,2,sid-B48DF955-D774-4256-AEB6-099744469155,1.0,sid-e383f3a2-1ab6-4a0e-9b02-73baee020cf0,0.0,QBP_DEFAULT_RESOURCE
70,CONFIGURE INGESTION SYSTEM,Session-000010,2025-12-09 10:01:11.000,2025-12-09 10:01:12.000,Variant 2,2,sid-52FE4380-2098-41C0-BE60-F2DEACC760F5,1.0,sid-e383f3a2-1ab6-4a0e-9b02-73baee020cf0,0.0,QBP_DEFAULT_RESOURCE
70,CONFIGURE PREPARATION SYSTEM,Session-000004,2025-12-09 10:01:12.000,2025-12-09 10:01:13.000,Variant 2,2,sid-C6B14BB8-F42E-43E5-9A7E-0AA34AA52EE6,1.0,sid-e383f3a2-1ab6-4a0e-9b02-73baee020cf0,0.0,QBP_DEFAULT_RESOURCE
70,CONFIGURE SEGREGATION SYSTEM,Session-000008,2025-12-09 10:01:13.000,2025-12-09 10:01:14.000,Variant 2,2,sid-1C9C5582-B583-4832-8DEA-4BDBB1AF9F15,1.0,sid-e383f3a2-1ab6-4a0e-9b02-73baee020cf0,0.0,QBP_DEFAULT_RESOURCE
70,CONFIGURE DEVELOPMENT SYSTEM,Session-000002,2025-12-09 10:01:14.000,2025-12-09 10:01:15.000,Variant 2,2,sid-AB394422-8628-4377-B7B8-A25A46935C63,1.0,sid-e383f3a2-1ab6-4a0e-9b02-73baee020cf0,0.0,QBP_DEFAULT_RESOURCE
70,CONFIGURE CLASSIFICATION SYSTEM,Session-000005,2025-12-09 10:01:15.000,2025-12-09 10:01:16.000,Variant 2,2,sid-50D70578-9920-4164-BA4D-ED2DFBC6DFC4,1.0,sid-e383f3a2-1ab6-4a0e-9b02-73baee020cf0,0.0,QBP_DEFAULT_RESOURCE
70,CONFIGURE EVALUATION SYSTEM,Session-000009,2025-12-09 10:01:16.000,2025-12-09 10:01:17.000,Variant 2,2,sid-8AEFBBF0-A454-4978-9B69-49B3851CF601,1.0,sid-e383f3a2-1ab6-4a0e-9b02-73baee020cf0,0.0,QBP_DEFAULT_RESOURCE
70,CONFIGURE CLIENT-SIDE SYSTEMS,Session-000003,2025-12-09 10:01:17.000,2025-12-09 10:01:18.000,Variant 2,2,sid-2A6D8261-8FF9-4B37-A6BF-D919D2DFB69B,1.0,sid-e383f3a2-1ab6-4a0e-9b02-73baee020cf0,0.0,QBP_DEFAULT_RESOURCE
70,END,,2025-12-09 10:01:18.000,2025-12-09 10:01:18.000,Variant 2,2,sid-B3145B77-A916-4A27-82D5-3A1E113A7FC9,,sid-e383f3a2-1ab6-4a0e-9b02-73baee020cf0,,
72,START,,2025-12-09 10:01:12.000,2025-12-09 10:01:12.000,Variant 5,5,sid-7E063660-AF89-4E86-906B-E703580F1C75,,sid-e383f3a2-1ab6-4a0e-9b02-73baee020cf0,,
72,EVALUATE CLASSIFIER,Session-000003,2025-12-09 10:01:12.000,2025-12-09 10:01:13.000,Variant 5,5,sid-3F9FCBD8-DDC3-4B0E-83B6-1C5C1C3EAA41,1.0,sid-e383f3a2-1ab6-4a0e-9b02-73baee020cf0,0.0,QBP_DEFAULT_RESOURCE
72,CONFIGURE INGESTION SYSTEM,Session-000007,2025-12-09 10:01:13.000,2025-12-09 10:01:14.000,Variant 5,5,sid-52FE4380-2098-41C0-BE60-F2DEACC760F5,1.0,sid-e383f3a2-1ab6-4a0e-9b02-73baee020cf0,0.0,QBP_DEFAULT_RESOURCE
72,CONFIGURE PREPARATION SYSTEM,Session-000001,2025-12-09 10:01:14.000,2025-12-09 10:01:15.000,Variant 5,5,sid-C6B14BB8-F42E-43E5-9A7E-0AA34AA52EE6,1.0,sid-e383f3a2-1ab6-4a0e-9b02-73baee020cf0,0.0,QBP_DEFAULT_RESOURCE
72,CONFIGURE SEGREGATION SYSTEM,Session-000004,2025-12-09 10:01:15.000,2025-12-09 10:01:16.000,Variant 5,5,sid-1C9C5582-B583-4832-8DEA-4BDBB1AF9F15,1.0,sid-e383f3a2-1ab6-4a0e-9b02-73baee020cf0,0.0,QBP_DEFAULT_RESOURCE
72,CONFIGURE DEVELOPMENT SYSTEM,Session-000008,2025-12-09 10:01:16.000,2025-12-09 10:01:17.000,Variant 5,5,sid-AB394422-8628-4377-B7B8-A25A46935C63,1.0,sid-e383f3a2-1ab6-4a0e-9b02-73baee020cf0,0.0,QBP_DEFAULT_RESOURCE
72,CONFIGURE CLASSIFICATION SYSTEM,Session-000002,2025-12-09 10:01:17.000,2025-12-09 10:01:18.000,Variant 5,5,sid-50D70578-9920-4164-BA4D-ED2DFBC6DFC4,1.0,sid-e383f3a2-1ab6-4a0e-9b02-73baee020cf0,0.0,QBP_DEFAULT_RESOURCE
72,CONFIGURE EVALUATION SYSTEM,Session-000007,2025-12-09 10:01:18.000,2025-12-09 10:01:19.000,Variant 5,5,sid-8AEFBBF0-A454-4978-9B69-49B3851CF601,1.0,sid-e383f3a2-1ab6-4a0e-9b02-73baee020cf0,0.0,QBP_DEFAULT_RESOURCE
72,CONFIGURE CLIENT-SIDE SYSTEMS,Session-000001,2025-12-09 10:01:19.000,2025-12-09 10:01:20.000,Variant 5,5,sid-2A6D8261-8FF9-4B37-A6BF-D919D2DFB69B,1.0,sid-e383f3a2-1ab6-4a0e-9b02-73baee020cf0,0.0,QBP_DEFAULT_RESOURCE
72,END,,2025-12-09 10:01:20.000,2025-12-09 10:01:20.000,Variant 5,5,sid-B3145B77-A916-4A27-82D5-3A1E113A7FC9,,sid-e383f3a2-1ab6-4a0e-9b02-73baee020cf0,,
30,START,,2025-12-09 10:00:30.000,2025-12-09 10:00:30.000,Variant 1,1,sid-7E063660-AF89-4E86-906B-E703580F1C75,,sid-e383f3a2-1ab6-4a0e-9b02-73baee020cf0,,
30,END,,2025-12-09 10:00:30.000,2025-12-09 10:00:30.000,Variant 1,1,sid-B3145B77-A916-4A27-82D5-3A1E113A7FC9,,sid-e383f3a2-1ab6-4a0e-9b02-73baee020cf0,,
51,START,,2025-12-09 10:00:51.000,2025-12-09 10:00:51.000,Variant 2,2,sid-7E063660-AF89-4E86-906B-E703580F1C75,,sid-e383f3a2-1ab6-4a0e-9b02-73baee020cf0,,
51,CHECK DATA BALANCING,Session-000001,2025-12-09 10:00:51.000,2025-12-09 10:00:52.000,Variant 2,2,sid-B48DF955-D774-4256-AEB6-099744469155,1.0,sid-e383f3a2-1ab6-4a0e-9b02-73baee020cf0,0.0,QBP_DEFAULT_RESOURCE
51,CONFIGURE INGESTION SYSTEM,Session-000005,2025-12-09 10:00:52.000,2025-12-09 10:00:53.000,Variant 2,2,sid-52FE4380-2098-41C0-BE60-F2DEACC760F5,1.0,sid-e383f3a2-1ab6-4a0e-9b02-73baee020cf0,0.0,QBP_DEFAULT_RESOURCE
51,CONFIGURE PREPARATION SYSTEM,Session-000009,2025-12-09 10:00:53.000,2025-12-09 10:00:54.000,Variant 2,2,sid-C6B14BB8-F42E-43E5-9A7E-0AA34AA52EE6,1.0,sid-e383f3a2-1ab6-4a0e-9b02-73baee020cf0,0.0,QBP_DEFAULT_RESOURCE
51,CONFIGURE SEGREGATION SYSTEM,Session-000004,2025-12-09 10:00:54.000,2025-12-09 10:00:55.000,Variant 2,2,sid-1C9C5582-B583-4832-8DEA-4BDBB1AF9F15,1.0,sid-e383f3a2-1ab6-4a0e-9b02-73baee020cf0,0.0,QBP_DEFAULT_RESOURCE
51,CONFIGURE DEVELOPMENT SYSTEM,Session-000009,2025-12-09 10:00:55.000,2025-12-09 10:00:56.000,Variant 2,2,sid-AB394422-8628-4377-B7B8-A25A46935C63,1.0,sid-e383f3a2-1ab6-4a0e-9b02-73baee020cf0,0.0,QBP_DEFAULT_RESOURCE
51,CONFIGURE CLASSIFICATION SYSTEM,Session-000004,2025-12-09 10:00:56.000,2025-12-09 10:00:57.000,Variant 2,2,sid-50D70578-9920-4164-BA4D-ED2DFBC6DFC4,1.0,sid-e383f3a2-1ab6-4a0e-9b02-73baee020cf0,0.0,QBP_DEFAULT_RESOURCE
51,CONFIGURE EVALUATION SYSTEM,Session-000009,2025-12-09 10:00:57.000,2025-12-09 10:00:58.000,Variant 2,2,sid-8AEFBBF0-A454-4978-9B69-49B3851CF601,1.0,sid-e383f3a2-1ab6-4a0e-9b02-73baee020cf0,0.0,QBP_DEFAULT_RESOURCE
51,CONFIGURE CLIENT-SIDE SYSTEMS,Session-000004,2025-12-09 10:00:58.000,2025-12-09 10:00:59.000,Variant 2,2,sid-2A6D8261-8FF9-4B37-A6BF-D919D2DFB69B,1.0,sid-e383f3a2-1ab6-4a0e-9b02-73baee020cf0,0.0,QBP_DEFAULT_RESOURCE
51,END,,2025-12-09 10:00:59.000,2025-12-09 10:00:59.000,Variant 2,2,sid-B3145B77-A916-4A27-82D5-3A1E113A7FC9,,sid-e383f3a2-1ab6-4a0e-9b02-73baee020cf0,,
90,START,,2025-12-09 10:01:30.000,2025-12-09 10:01:30.000,Variant 1,1,sid-7E063660-AF89-4E86-906B-E703580F1C75,,sid-e383f3a2-1ab6-4a0e-9b02-73baee020cf0,,
90,END,,2025-12-09 10:01:30.000,2025-12-09 10:01:30.000,Variant 1,1,sid-B3145B77-A916-4A27-82D5-3A1E113A7FC9,,sid-e383f3a2-1ab6-4a0e-9b02-73baee020cf0,,
94,START,,2025-12-09 10:01:34.000,2025-12-09 10:01:34.000,Variant 1,1,sid-7E063660-AF89-4E86-906B-E703580F1C75,,sid-e383f3a2-1ab6-4a0e-9b02-73baee020cf0,,
94,END,,2025-12-09 10:01:34.000,2025-12-09 10:01:34.000,Variant 1,1,sid-B3145B77-A916-4A27-82D5-3A1E113A7FC9,,sid-e383f3a2-1ab6-4a0e-9b02-73baee020cf0,,
73,START,,2025-12-09 10:01:13.000,2025-12-09 10:01:13.000,Variant 1,1,sid-7E063660-AF89-4E86-906B-E703580F1C75,,sid-e383f3a2-1ab6-4a0e-9b02-73baee020cf0,,
73,END,,2025-12-09 10:01:13.000,2025-12-09 10:01:13.000,Variant 1,1,sid-B3145B77-A916-4A27-82D5-3A1E113A7FC9,,sid-e383f3a2-1ab6-4a0e-9b02-73baee020cf0,,
3,START,,2025-12-09 10:00:03.000,2025-12-09 10:00:03.000,Variant 1,1,sid-7E063660-AF89-4E86-906B-E703580F1C75,,sid-e383f3a2-1ab6-4a0e-9b02-73baee020cf0,,
3,END,,2025-12-09 10:00:03.000,2025-12-09 10:00:03.000,Variant 1,1,sid-B3145B77-A916-4A27-82D5-3A1E113A7FC9,,sid-e383f3a2-1ab6-4a0e-9b02-73baee020cf0,,
4,START,,2025-12-09 10:00:04.000,2025-12-09 10:00:04.000,Variant 1,1,sid-7E063660-AF89-4E86-906B-E703580F1C75,,sid-e383f3a2-1ab6-4a0e-9b02-73baee020cf0,,
4,END,,2025-12-09 10:00:04.000,2025-12-09 10:00:04.000,Variant 1,1,sid-B3145B77-A916-4A27-82D5-3A1E113A7FC9,,sid-e383f3a2-1ab6-4a0e-9b02-73baee020cf0,,
5,START,,2025-12-09 10:00:05.000,2025-12-09 10:00:05.000,Variant 3,3,sid-7E063660-AF89-4E86-906B-E703580F1C75,,sid-e383f3a2-1ab6-4a0e-9b02-73baee020cf0,,
5,CHECK DATA BALANCING,Session-000005,2025-12-09 10:00:05.000,2025-12-09 10:00:06.000,Variant 3,3,sid-B48DF955-D774-4256-AEB6-099744469155,1.0,sid-e383f3a2-1ab6-4a0e-9b02-73baee020cf0,0.0,QBP_DEFAULT_RESOURCE
5,CHECK COVERAGE,Session-000008,2025-12-09 10:00:06.000,2025-12-09 10:00:07.000,Variant 3,3,sid-84855BE7-4A74-4AA7-A950-22E81A38081C,1.0,sid-e383f3a2-1ab6-4a0e-9b02-73baee020cf0,0.0,QBP_DEFAULT_RESOURCE
5,CONFIGURE INGESTION SYSTEM,Session-000002,2025-12-09 10:00:07.000,2025-12-09 10:00:08.000,Variant 3,3,sid-52FE4380-2098-41C0-BE60-F2DEACC760F5,1.0,sid-e383f3a2-1ab6-4a0e-9b02-73baee020cf0,0.0,QBP_DEFAULT_RESOURCE
5,CONFIGURE PREPARATION SYSTEM,Session-000006,2025-12-09 10:00:08.000,2025-12-09 10:00:09.000,Variant 3,3,sid-C6B14BB8-F42E-43E5-9A7E-0AA34AA52EE6,1.0,sid-e383f3a2-1ab6-4a0e-9b02-73baee020cf0,0.0,QBP_DEFAULT_RESOURCE
5,CONFIGURE SEGREGATION SYSTEM,Session-000010,2025-12-09 10:00:09.000,2025-12-09 10:00:10.000,Variant 3,3,sid-1C9C5582-B583-4832-8DEA-4BDBB1AF9F15,1.0,sid-e383f3a2-1ab6-4a0e-9b02-73baee020cf0,0.0,QBP_DEFAULT_RESOURCE
5,CONFIGURE DEVELOPMENT SYSTEM,Session-000005,2025-12-09 10:00:10.000,2025-12-09 10:00:11.000,Variant 3,3,sid-AB394422-8628-4377-B7B8-A25A46935C63,1.0,sid-e383f3a2-1ab6-4a0e-9b02-73baee020cf0,0.0,QBP_DEFAULT_RESOURCE
5,CONFIGURE CLASSIFICATION SYSTEM,Session-000001,2025-12-09 10:00:11.000,2025-12-09 10:00:12.000,Variant 3,3,sid-50D70578-9920-4164-BA4D-ED2DFBC6DFC4,1.0,sid-e383f3a2-1ab6-4a0e-9b02-73baee020cf0,0.0,QBP_DEFAULT_RESOURCE
5,CONFIGURE EVALUATION SYSTEM,Session-000008,2025-12-09 10:00:12.000,2025-12-09 10:00:13.000,Variant 3,3,sid-8AEFBBF0-A454-4978-9B69-49B3851CF601,1.0,sid-e383f3a2-1ab6-4a0e-9b02-73baee020cf0,0.0,QBP_DEFAULT_RESOURCE
5,CONFIGURE CLIENT-SIDE SYSTEMS,Session-000004,2025-12-09 10:00:13.000,2025-12-09 10:00:14.000,Variant 3,3,sid-2A6D8261-8FF9-4B37-A6BF-D919D2DFB69B,1.0,sid-e383f3a2-1ab6-4a0e-9b02-73baee020cf0,0.0,QBP_DEFAULT_RESOURCE
5,END,,2025-12-09 10:00:14.000,2025-12-09 10:00:14.000,Variant 3,3,sid-B3145B77-A916-4A27-82D5-3A1E113A7FC9,,sid-e383f3a2-1ab6-4a0e-9b02-73baee020cf0,,
93,START,,2025-12-09 10:01:33.000,2025-12-09 10:01:33.000,Variant 4,4,sid-7E063660-AF89-4E86-906B-E703580F1C75,,sid-e383f3a2-1ab6-4a0e-9b02-73baee020cf0,,
93,EVALUATE CLASSIFIER,Session-000005,2025-12-09 10:01:33.000,2025-12-09 10:01:34.000,Variant 4,4,sid-3F9FCBD8-DDC3-4B0E-83B6-1C5C1C3EAA41,1.0,sid-e383f3a2-1ab6-4a0e-9b02-73baee020cf0,0.0,QBP_DEFAULT_RESOURCE
93,END,,2025-12-09 10:01:34.000,2025-12-09 10:01:34.000,Variant 4,4,sid-B3145B77-A916-4A27-82D5-3A1E113A7FC9,,sid-e383f3a2-1ab6-4a0e-9b02-73baee020cf0,,
14,START,,2025-12-09 10:00:14.000,2025-12-09 10:00:14.000,Variant 1,1,sid-7E063660-AF89-4E86-906B-E703580F1C75,,sid-e383f3a2-1ab6-4a0e-9b02-73baee020cf0,,
14,END,,2025-12-09 10:00:14.000,2025-12-09 10:00:14.000,Variant 1,1,sid-B3145B77-A916-4A27-82D5-3A1E113A7FC9,,sid-e383f3a2-1ab6-4a0e-9b02-73baee020cf0,,
71,START,,2025-12-09 10:01:11.000,2025-12-09 10:01:11.000,Variant 1,1,sid-7E063660-AF89-4E86-906B-E703580F1C75,,sid-e383f3a2-1ab6-4a0e-9b02-73baee020cf0,,
71,END,,2025-12-09 10:01:11.000,2025-12-09 10:01:11.000,Variant 1,1,sid-B3145B77-A916-4A27-82D5-3A1E113A7FC9,,sid-e383f3a2-1ab6-4a0e-9b02-73baee020cf0,,
36,START,,2025-12-09 10:00:36.000,2025-12-09 10:00:36.000,Variant 1,1,sid-7E063660-AF89-4E86-906B-E703580F1C75,,sid-e383f3a2-1ab6-4a0e-9b02-73baee020cf0,,
36,END,,2025-12-09 10:00:36.000,2025-12-09 10:00:36.000,Variant 1,1,sid-B3145B77-A916-4A27-82D5-3A1E113A7FC9,,sid-e383f3a2-1ab6-4a0e-9b02-73baee020cf0,,
37,START,,2025-12-09 10:00:37.000,2025-12-09 10:00:37.000,Variant 1,1,sid-7E063660-AF89-4E86-906B-E703580F1C75,,sid-e383f3a2-1ab6-4a0e-9b02-73baee020cf0,,
37,END,,2025-12-09 10:00:37.000,2025-12-09 10:00:37.000,Variant 1,1,sid-B3145B77-A916-4A27-82D5-3A1E113A7FC9,,sid-e383f3a2-1ab6-4a0e-9b02-73baee020cf0,,
58,START,,2025-12-09 10:00:58.000,2025-12-09 10:00:58.000,Variant 2,2,sid-7E063660-AF89-4E86-906B-E703580F1C75,,sid-e383f3a2-1ab6-4a0e-9b02-73baee020cf0,,
58,CHECK DATA BALANCING,Session-000001,2025-12-09 10:00:58.000,2025-12-09 10:00:59.000,Variant 2,2,sid-B48DF955-D774-4256-AEB6-099744469155,1.0,sid-e383f3a2-1ab6-4a0e-9b02-73baee020cf0,0.0,QBP_DEFAULT_RESOURCE
58,CONFIGURE INGESTION SYSTEM,Session-000006,2025-12-09 10:00:59.000,2025-12-09 10:01:00.000,Variant 2,2,sid-52FE4380-2098-41C0-BE60-F2DEACC760F5,1.0,sid-e383f3a2-1ab6-4a0e-9b02-73baee020cf0,0.0,QBP_DEFAULT_RESOURCE
58,CONFIGURE PREPARATION SYSTEM,Session-000009,2025-12-09 10:01:00.000,2025-12-09 10:01:01.000,Variant 2,2,sid-C6B14BB8-F42E-43E5-9A7E-0AA34AA52EE6,1.0,sid-e383f3a2-1ab6-4a0e-9b02-73baee020cf0,0.0,QBP_DEFAULT_RESOURCE
58,CONFIGURE SEGREGATION SYSTEM,Session-000002,2025-12-09 10:01:01.000,2025-12-09 10:01:02.000,Variant 2,2,sid-1C9C5582-B583-4832-8DEA-4BDBB1AF9F15,1.0,sid-e383f3a2-1ab6-4a0e-9b02-73baee020cf0,0.0,QBP_DEFAULT_RESOURCE
58,CONFIGURE DEVELOPMENT SYSTEM,Session-000005,2025-12-09 10:01:02.000,2025-12-09 10:01:03.000,Variant 2,2,sid-AB394422-8628-4377-B7B8-A25A46935C63,1.0,sid-e383f3a2-1ab6-4a0e-9b02-73baee020cf0,0.0,QBP_DEFAULT_RESOURCE
58,CONFIGURE CLASSIFICATION SYSTEM,Session-000009,2025-12-09 10:01:03.000,2025-12-09 10:01:04.000,Variant 2,2,sid-50D70578-9920-4164-BA4D-ED2DFBC6DFC4,1.0,sid-e383f3a2-1ab6-4a0e-9b02-73baee020cf0,0.0,QBP_DEFAULT_RESOURCE
58,CONFIGURE EVALUATION SYSTEM,Session-000003,2025-12-09 10:01:04.000,2025-12-09 10:01:05.000,Variant 2,2,sid-8AEFBBF0-A454-4978-9B69-49B3851CF601,1.0,sid-e383f3a2-1ab6-4a0e-9b02-73baee020cf0,0.0,QBP_DEFAULT_RESOURCE
58,CONFIGURE CLIENT-SIDE SYSTEMS,Session-000008,2025-12-09 10:01:05.000,2025-12-09 10:01:06.000,Variant 2,2,sid-2A6D8261-8FF9-4B37-A6BF-D919D2DFB69B,1.0,sid-e383f3a2-1ab6-4a0e-9b02-73baee020cf0,0.0,QBP_DEFAULT_RESOURCE
58,END,,2025-12-09 10:01:06.000,2025-12-09 10:01:06.000,Variant 2,2,sid-B3145B77-A916-4A27-82D5-3A1E113A7FC9,,sid-e383f3a2-1ab6-4a0e-9b02-73baee020cf0,,
15,START,,2025-12-09 10:00:15.000,2025-12-09 10:00:15.000,Variant 1,1,sid-7E063660-AF89-4E86-906B-E703580F1C75,,sid-e383f3a2-1ab6-4a0e-9b02-73baee020cf0,,
15,END,,2025-12-09 10:00:15.000,2025-12-09 10:00:15.000,Variant 1,1,sid-B3145B77-A916-4A27-82D5-3A1E113A7FC9,,sid-e383f3a2-1ab6-4a0e-9b02-73baee020cf0,,
38,START,,2025-12-09 10:00:38.000,2025-12-09 10:00:38.000,Variant 1,1,sid-7E063660-AF89-4E86-906B-E703580F1C75,,sid-e383f3a2-1ab6-4a0e-9b02-73baee020cf0,,
38,END,,2025-12-09 10:00:38.000,2025-12-09 10:00:38.000,Variant 1,1,sid-B3145B77-A916-4A27-82D5-3A1E113A7FC9,,sid-e383f3a2-1ab6-4a0e-9b02-73baee020cf0,,
59,START,,2025-12-09 10:00:59.000,2025-12-09 10:00:59.000,Variant 1,1,sid-7E063660-AF89-4E86-906B-E703580F1C75,,sid-e383f3a2-1ab6-4a0e-9b02-73baee020cf0,,
59,END,,2025-12-09 10:00:59.000,2025-12-09 10:00:59.000,Variant 1,1,sid-B3145B77-A916-4A27-82D5-3A1E113A7FC9,,sid-e383f3a2-1ab6-4a0e-9b02-73baee020cf0,,
16,START,,2025-12-09 10:00:16.000,2025-12-09 10:00:16.000,Variant 1,1,sid-7E063660-AF89-4E86-906B-E703580F1C75,,sid-e383f3a2-1ab6-4a0e-9b02-73baee020cf0,,
16,END,,2025-12-09 10:00:16.000,2025-12-09 10:00:16.000,Variant 1,1,sid-B3145B77-A916-4A27-82D5-3A1E113A7FC9,,sid-e383f3a2-1ab6-4a0e-9b02-73baee020cf0,,
2,START,,2025-12-09 10:00:02.000,2025-12-09 10:00:02.000,Variant 1,1,sid-7E063660-AF89-4E86-906B-E703580F1C75,,sid-e383f3a2-1ab6-4a0e-9b02-73baee020cf0,,
2,END,,2025-12-09 10:00:02.000,2025-12-09 10:00:02.000,Variant 1,1,sid-B3145B77-A916-4A27-82D5-3A1E113A7FC9,,sid-e383f3a2-1ab6-4a0e-9b02-73baee020cf0,,
39,START,,2025-12-09 10:00:39.000,2025-12-09 10:00:39.000,Variant 4,4,sid-7E063660-AF89-4E86-906B-E703580F1C75,,sid-e383f3a2-1ab6-4a0e-9b02-73baee020cf0,,
39,EVALUATE CLASSIFIER,Session-000003,2025-12-09 10:00:39.000,2025-12-09 10:00:40.000,Variant 4,4,sid-3F9FCBD8-DDC3-4B0E-83B6-1C5C1C3EAA41,1.0,sid-e383f3a2-1ab6-4a0e-9b02-73baee020cf0,0.0,QBP_DEFAULT_RESOURCE
39,END,,2025-12-09 10:00:40.000,2025-12-09 10:00:40.000,Variant 4,4,sid-B3145B77-A916-4A27-82D5-3A1E113A7FC9,,sid-e383f3a2-1ab6-4a0e-9b02-73baee020cf0,,
17,START,,2025-12-09 10:00:17.000,2025-12-09 10:00:17.000,Variant 1,1,sid-7E063660-AF89-4E86-906B-E703580F1C75,,sid-e383f3a2-1ab6-4a0e-9b02-73baee020cf0,,
17,END,,2025-12-09 10:00:17.000,2025-12-09 10:00:17.000,Variant 1,1,sid-B3145B77-A916-4A27-82D5-3A1E113A7FC9,,sid-e383f3a2-1ab6-4a0e-9b02-73baee020cf0,,
19,START,,2025-12-09 10:00:19.000,2025-12-09 10:00:19.000,Variant 1,1,sid-7E063660-AF89-4E86-906B-E703580F1C75,,sid-e383f3a2-1ab6-4a0e-9b02-73baee020cf0,,
19,END,,2025-12-09 10:00:19.000,2025-12-09 10:00:19.000,Variant 1,1,sid-B3145B77-A916-4A27-82D5-3A1E113A7FC9,,sid-e383f3a2-1ab6-4a0e-9b02-73baee020cf0,,
1,START,,2025-12-09 10:00:01.000,2025-12-09 10:00:01.000,Variant 7,7,sid-7E063660-AF89-4E86-906B-E703580F1C75,,sid-e383f3a2-1ab6-4a0e-9b02-73baee020cf0,,
1,CHECK DATA BALANCING,Session-000001,2025-12-09 10:00:01.000,2025-12-09 10:00:02.000,Variant 7,7,sid-B48DF955-D774-4256-AEB6-099744469155,1.0,sid-e383f3a2-1ab6-4a0e-9b02-73baee020cf0,0.0,QBP_DEFAULT_RESOURCE
1,CHECK COVERAGE,Session-000002,2025-12-09 10:00:02.000,2025-12-09 10:00:03.000,Variant 7,7,sid-84855BE7-4A74-4AA7-A950-22E81A38081C,1.0,sid-e383f3a2-1ab6-4a0e-9b02-73baee020cf0,0.0,QBP_DEFAULT_RESOURCE
1,SET NUMBER OF ITERATIONS,Session-000003,2025-12-09 10:00:03.000,2025-12-09 10:00:04.000,Variant 7,7,sid-7D343CDC-849C-4479-9343-9EF1E02C5042,1.0,sid-e383f3a2-1ab6-4a0e-9b02-73baee020cf0,0.0,QBP_DEFAULT_RESOURCE
1,CHECK VALIDATION RESULTS,Session-000004,2025-12-09 10:00:04.000,2025-12-09 10:00:05.000,Variant 7,7,sid-CDCECFDC-6D1A-4D0D-AC63-4678A965EE2D,1.0,sid-e383f3a2-1ab6-4a0e-9b02-73baee020cf0,0.0,QBP_DEFAULT_RESOURCE
1,CHECK TEST RESULTS,Session-000006,2025-12-09 10:00:05.000,2025-12-09 10:00:06.000,Variant 7,7,sid-3F3477CA-2154-443D-990D-BA61AA0EEDD2,1.0,sid-e383f3a2-1ab6-4a0e-9b02-73baee020cf0,0.0,QBP_DEFAULT_RESOURCE
1,CONFIGURE INGESTION SYSTEM,Session-000009,2025-12-09 10:00:06.000,2025-12-09 10:00:07.000,Variant 7,7,sid-52FE4380-2098-41C0-BE60-F2DEACC760F5,1.0,sid-e383f3a2-1ab6-4a0e-9b02-73baee020cf0,0.0,QBP_DEFAULT_RESOURCE
1,CONFIGURE PREPARATION SYSTEM,Session-000003,2025-12-09 10:00:07.000,2025-12-09 10:00:08.000,Variant 7,7,sid-C6B14BB8-F42E-43E5-9A7E-0AA34AA52EE6,1.0,sid-e383f3a2-1ab6-4a0e-9b02-73baee020cf0,0.0,QBP_DEFAULT_RESOURCE
1,CONFIGURE SEGREGATION SYSTEM,Session-000007,2025-12-09 10:00:08.000,2025-12-09 10:00:09.000,Variant 7,7,sid-1C9C5582-B583-4832-8DEA-4BDBB1AF9F15,1.0,sid-e383f3a2-1ab6-4a0e-9b02-73baee020cf0,0.0,QBP_DEFAULT_RESOURCE
1,CONFIGURE DEVELOPMENT SYSTEM,Session-000001,2025-12-09 10:00:09.000,2025-12-09 10:00:10.000,Variant 7,7,sid-AB394422-8628-4377-B7B8-A25A46935C63,1.0,sid-e383f3a2-1ab6-4a0e-9b02-73baee020cf0,0.0,QBP_DEFAULT_RESOURCE
1,CONFIGURE CLASSIFICATION SYSTEM,Session-000006,2025-12-09 10:00:10.000,2025-12-09 10:00:11.000,Variant 7,7,sid-50D70578-9920-4164-BA4D-ED2DFBC6DFC4,1.0,sid-e383f3a2-1ab6-4a0e-9b02-73baee020cf0,0.0,QBP_DEFAULT_RESOURCE
1,CONFIGURE EVALUATION SYSTEM,Session-000002,2025-12-09 10:00:11.000,2025-12-09 10:00:12.000,Variant 7,7,sid-8AEFBBF0-A454-4978-9B69-49B3851CF601,1.0,sid-e383f3a2-1ab6-4a0e-9b02-73baee020cf0,0.0,QBP_DEFAULT_RESOURCE
1,CONFIGURE CLIENT-SIDE SYSTEMS,Session-000009,2025-12-09 10:00:12.000,2025-12-09 10:00:13.000,Variant 7,7,sid-2A6D8261-8FF9-4B37-A6BF-D919D2DFB69B,1.0,sid-e383f3a2-1ab6-4a0e-9b02-73baee020cf0,0.0,QBP_DEFAULT_RESOURCE
1,END,,2025-12-09 10:00:13.000,2025-12-09 10:00:13.000,Variant 7,7,sid-B3145B77-A916-4A27-82D5-3A1E113A7FC9,,sid-e383f3a2-1ab6-4a0e-9b02-73baee020cf0,,
18,START,,2025-12-09 10:00:18.000,2025-12-09 10:00:18.000,Variant 1,1,sid-7E063660-AF89-4E86-906B-E703580F1C75,,sid-e383f3a2-1ab6-4a0e-9b02-73baee020cf0,,
18,END,,2025-12-09 10:00:18.000,2025-12-09 10:00:18.000,Variant 1,1,sid-B3145B77-A916-4A27-82D5-3A1E113A7FC9,,sid-e383f3a2-1ab6-4a0e-9b02-73baee020cf0,,
79,START,,2025-12-09 10:01:19.000,2025-12-09 10:01:19.000,Variant 1,1,sid-7E063660-AF89-4E86-906B-E703580F1C75,,sid-e383f3a2-1ab6-4a0e-9b02-73baee020cf0,,
79,END,,2025-12-09 10:01:19.000,2025-12-09 10:01:19.000,Variant 1,1,sid-B3145B77-A916-4A27-82D5-3A1E113A7FC9,,sid-e383f3a2-1ab6-4a0e-9b02-73baee020cf0,,
57,START,,2025-12-09 10:00:57.000,2025-12-09 10:00:57.000,Variant 1,1,sid-7E063660-AF89-4E86-906B-E703580F1C75,,sid-e383f3a2-1ab6-4a0e-9b02-73baee020cf0,,
57,END,,2025-12-09 10:00:57.000,2025-12-09 10:00:57.000,Variant 1,1,sid-B3145B77-A916-4A27-82D5-3A1E113A7FC9,,sid-e383f3a2-1ab6-4a0e-9b02-73baee020cf0,,
99,START,,2025-12-09 10:01:39.000,2025-12-09 10:01:39.000,Variant 4,4,sid-7E063660-AF89-4E86-906B-E703580F1C75,,sid-e383f3a2-1ab6-4a0e-9b02-73baee020cf0,,
99,EVALUATE CLASSIFIER,Session-000001,2025-12-09 10:01:39.000,2025-12-09 10:01:40.000,Variant 4,4,sid-3F9FCBD8-DDC3-4B0E-83B6-1C5C1C3EAA41,1.0,sid-e383f3a2-1ab6-4a0e-9b02-73baee020cf0,0.0,QBP_DEFAULT_RESOURCE
99,END,,2025-12-09 10:01:40.000,2025-12-09 10:01:40.000,Variant 4,4,sid-B3145B77-A916-4A27-82D5-3A1E113A7FC9,,sid-e383f3a2-1ab6-4a0e-9b02-73baee020cf0,,
35,START,,2025-12-09 10:00:35.000,2025-12-09 10:00:35.000,Variant 3,3,sid-7E063660-AF89-4E86-906B-E703580F1C75,,sid-e383f3a2-1ab6-4a0e-9b02-73baee020cf0,,
35,CHECK DATA BALANCING,Session-000003,2025-12-09 10:00:35.000,2025-12-09 10:00:36.000,Variant 3,3,sid-B48DF955-D774-4256-AEB6-099744469155,1.0,sid-e383f3a2-1ab6-4a0e-9b02-73baee020cf0,0.0,QBP_DEFAULT_RESOURCE
35,CHECK COVERAGE,Session-000006,2025-12-09 10:00:36.000,2025-12-09 10:00:37.000,Variant 3,3,sid-84855BE7-4A74-4AA7-A950-22E81A38081C,1.0,sid-e383f3a2-1ab6-4a0e-9b02-73baee020cf0,0.0,QBP_DEFAULT_RESOURCE
35,CONFIGURE INGESTION SYSTEM,Session-000009,2025-12-09 10:00:37.000,2025-12-09 10:00:38.000,Variant 3,3,sid-52FE4380-2098-41C0-BE60-F2DEACC760F5,1.0,sid-e383f3a2-1ab6-4a0e-9b02-73baee020cf0,0.0,QBP_DEFAULT_RESOURCE
35,CONFIGURE PREPARATION SYSTEM,Session-000001,2025-12-09 10:00:38.000,2025-12-09 10:00:39.000,Variant 3,3,sid-C6B14BB8-F42E-43E5-9A7E-0AA34AA52EE6,1.0,sid-e383f3a2-1ab6-4a0e-9b02-73baee020cf0,0.0,QBP_DEFAULT_RESOURCE
35,CONFIGURE SEGREGATION SYSTEM,Session-000004,2025-12-09 10:00:39.000,2025-12-09 10:00:40.000,Variant 3,3,sid-1C9C5582-B583-4832-8DEA-4BDBB1AF9F15,1.0,sid-e383f3a2-1ab6-4a0e-9b02-73baee020cf0,0.0,QBP_DEFAULT_RESOURCE
35,CONFIGURE DEVELOPMENT SYSTEM,Session-000007,2025-12-09 10:00:40.000,2025-12-09 10:00:41.000,Variant 3,3,sid-AB394422-8628-4377-B7B8-A25A46935C63,1.0,sid-e383f3a2-1ab6-4a0e-9b02-73baee020cf0,0.0,QBP_DEFAULT_RESOURCE
35,CONFIGURE CLASSIFICATION SYSTEM,Session-000010,2025-12-09 10:00:41.000,2025-12-09 10:00:42.000,Variant 3,3,sid-50D70578-9920-4164-BA4D-ED2DFBC6DFC4,1.0,sid-e383f3a2-1ab6-4a0e-9b02-73baee020cf0,0.0,QBP_DEFAULT_RESOURCE
35,CONFIGURE EVALUATION SYSTEM,Session-000003,2025-12-09 10:00:42.000,2025-12-09 10:00:43.000,Variant 3,3,sid-8AEFBBF0-A454-4978-9B69-49B3851CF601,1.0,sid-e383f3a2-1ab6-4a0e-9b02-73baee020cf0,0.0,QBP_DEFAULT_RESOURCE
35,CONFIGURE CLIENT-SIDE SYSTEMS,Session-000006,2025-12-09 10:00:43.000,2025-12-09 10:00:44.000,Variant 3,3,sid-2A6D8261-8FF9-4B37-A6BF-D919D2DFB69B,1.0,sid-e383f3a2-1ab6-4a0e-9b02-73baee020cf0,0.0,QBP_DEFAULT_RESOURCE
35,END,,2025-12-09 10:00:44.000,2025-12-09 10:00:44.000,Variant 3,3,sid-B3145B77-A916-4A27-82D5-3A1E113A7FC9,,sid-e383f3a2-1ab6-4a0e-9b02-73baee020cf0,,
56,START,,2025-12-09 10:00:56.000,2025-12-09 10:00:56.000,Variant 1,1,sid-7E063660-AF89-4E86-906B-E703580F1C75,,sid-e383f3a2-1ab6-4a0e-9b02-73baee020cf0,,
56,END,,2025-12-09 10:00:56.000,2025-12-09 10:00:56.000,Variant 1,1,sid-B3145B77-A916-4A27-82D5-3A1E113A7FC9,,sid-e383f3a2-1ab6-4a0e-9b02-73baee020cf0,,
13,START,,2025-12-09 10:00:13.000,2025-12-09 10:00:13.000,Variant 1,1,sid-7E063660-AF89-4E86-906B-E703580F1C75,,sid-e383f3a2-1ab6-4a0e-9b02-73baee020cf0,,
13,END,,2025-12-09 10:00:13.000,2025-12-09 10:00:13.000,Variant 1,1,sid-B3145B77-A916-4A27-82D5-3A1E113A7FC9,,sid-e383f3a2-1ab6-4a0e-9b02-73baee020cf0,,
78,START,,2025-12-09 10:01:18.000,2025-12-09 10:01:18.000,Variant 8,8,sid-7E063660-AF89-4E86-906B-E703580F1C75,,sid-e383f3a2-1ab6-4a0e-9b02-73baee020cf0,,
78,CHECK DATA BALANCING,Session-000004,2025-12-09 10:01:18.000,2025-12-09 10:01:19.000,Variant 8,8,sid-B48DF955-D774-4256-AEB6-099744469155,1.0,sid-e383f3a2-1ab6-4a0e-9b02-73baee020cf0,0.0,QBP_DEFAULT_RESOURCE
78,CHECK COVERAGE,Session-000008,2025-12-09 10:01:19.000,2025-12-09 10:01:20.000,Variant 8,8,sid-84855BE7-4A74-4AA7-A950-22E81A38081C,1.0,sid-e383f3a2-1ab6-4a0e-9b02-73baee020cf0,0.0,QBP_DEFAULT_RESOURCE
78,SET NUMBER OF ITERATIONS,Session-000002,2025-12-09 10:01:20.000,2025-12-09 10:01:21.000,Variant 8,8,sid-7D343CDC-849C-4479-9343-9EF1E02C5042,1.0,sid-e383f3a2-1ab6-4a0e-9b02-73baee020cf0,0.0,QBP_DEFAULT_RESOURCE
78,CHECK CALIBRATION PLOT,Session-000005,2025-12-09 10:01:21.000,2025-12-09 10:01:22.000,Variant 8,8,sid-B70575F0-6E48-4039-AEE5-9A99A66DF722,1.0,sid-e383f3a2-1ab6-4a0e-9b02-73baee020cf0,0.0,QBP_DEFAULT_RESOURCE
78,CHECK VALIDATION RESULTS,Session-000008,2025-12-09 10:01:22.000,2025-12-09 10:01:23.000,Variant 8,8,sid-CDCECFDC-6D1A-4D0D-AC63-4678A965EE2D,1.0,sid-e383f3a2-1ab6-4a0e-9b02-73baee020cf0,0.0,QBP_DEFAULT_RESOURCE
78,SET NUMBER OF ITERATIONS,Session-000010,2025-12-09 10:01:23.000,2025-12-09 10:01:24.000,Variant 8,8,sid-7D343CDC-849C-4479-9343-9EF1E02C5042,1.0,sid-e383f3a2-1ab6-4a0e-9b02-73baee020cf0,0.0,QBP_DEFAULT_RESOURCE
78,CHECK CALIBRATION PLOT,Session-000002,2025-12-09 10:01:24.000,2025-12-09 10:01:25.000,Variant 8,8,sid-B70575F0-6E48-4039-AEE5-9A99A66DF722,1.0,sid-e383f3a2-1ab6-4a0e-9b02-73baee020cf0,0.0,QBP_DEFAULT_RESOURCE
78,SET NUMBER OF ITERATIONS,Session-000004,2025-12-09 10:01:25.000,2025-12-09 10:01:26.000,Variant 8,8,sid-7D343CDC-849C-4479-9343-9EF1E02C5042,1.0,sid-e383f3a2-1ab6-4a0e-9b02-73baee020cf0,0.0,QBP_DEFAULT_RESOURCE
78,CHECK CALIBRATION PLOT,Session-000006,2025-12-09 10:01:26.000,2025-12-09 10:01:27.000,Variant 8,8,sid-B70575F0-6E48-4039-AEE5-9A99A66DF722,1.0,sid-e383f3a2-1ab6-4a0e-9b02-73baee020cf0,0.0,QBP_DEFAULT_RESOURCE
78,CHECK VALIDATION RESULTS,Session-000008,2025-12-09 10:01:27.000,2025-12-09 10:01:28.000,Variant 8,8,sid-CDCECFDC-6D1A-4D0D-AC63-4678A965EE2D,1.0,sid-e383f3a2-1ab6-4a0e-9b02-73baee020cf0,0.0,QBP_DEFAULT_RESOURCE
78,CHECK TEST RESULTS,Session-000001,2025-12-09 10:01:28.000,2025-12-09 10:01:29.000,Variant 8,8,sid-3F3477CA-2154-443D-990D-BA61AA0EEDD2,1.0,sid-e383f3a2-1ab6-4a0e-9b02-73baee020cf0,0.0,QBP_DEFAULT_RESOURCE
78,CONFIGURE INGESTION SYSTEM,Session-000004,2025-12-09 10:01:29.000,2025-12-09 10:01:30.000,Variant 8,8,sid-52FE4380-2098-41C0-BE60-F2DEACC760F5,1.0,sid-e383f3a2-1ab6-4a0e-9b02-73baee020cf0,0.0,QBP_DEFAULT_RESOURCE
78,CONFIGURE PREPARATION SYSTEM,Session-000007,2025-12-09 10:01:30.000,2025-12-09 10:01:31.000,Variant 8,8,sid-C6B14BB8-F42E-43E5-9A7E-0AA34AA52EE6,1.0,sid-e383f3a2-1ab6-4a0e-9b02-73baee020cf0,0.0,QBP_DEFAULT_RESOURCE
78,CONFIGURE SEGREGATION SYSTEM,Session-000010,2025-12-09 10:01:31.000,2025-12-09 10:01:32.000,Variant 8,8,sid-1C9C5582-B583-4832-8DEA-4BDBB1AF9F15,1.0,sid-e383f3a2-1ab6-4a0e-9b02-73baee020cf0,0.0,QBP_DEFAULT_RESOURCE
78,CONFIGURE DEVELOPMENT SYSTEM,Session-000004,2025-12-09 10:01:32.000,2025-12-09 10:01:33.000,Variant 8,8,sid-AB394422-8628-4377-B7B8-A25A46935C63,1.0,sid-e383f3a2-1ab6-4a0e-9b02-73baee020cf0,0.0,QBP_DEFAULT_RESOURCE
78,CONFIGURE CLASSIFICATION SYSTEM,Session-000008,2025-12-09 10:01:33.000,2025-12-09 10:01:34.000,Variant 8,8,sid-50D70578-9920-4164-BA4D-ED2DFBC6DFC4,1.0,sid-e383f3a2-1ab6-4a0e-9b02-73baee020cf0,0.0,QBP_DEFAULT_RESOURCE
78,CONFIGURE EVALUATION SYSTEM,Session-000001,2025-12-09 10:01:34.000,2025-12-09 10:01:35.000,Variant 8,8,sid-8AEFBBF0-A454-4978-9B69-49B3851CF601,1.0,sid-e383f3a2-1ab6-4a0e-9b02-73baee020cf0,0.0,QBP_DEFAULT_RESOURCE
78,CONFIGURE CLIENT-SIDE SYSTEMS,Session-000004,2025-12-09 10:01:35.000,2025-12-09 10:01:36.000,Variant 8,8,sid-2A6D8261-8FF9-4B37-A6BF-D919D2DFB69B,1.0,sid-e383f3a2-1ab6-4a0e-9b02-73baee020cf0,0.0,QBP_DEFAULT_RESOURCE
78,END,,2025-12-09 10:01:36.000,2025-12-09 10:01:36.000,Variant 8,8,sid-B3145B77-A916-4A27-82D5-3A1E113A7FC9,,sid-e383f3a2-1ab6-4a0e-9b02-73baee020cf0,,
34,START,,2025-12-09 10:00:34.000,2025-12-09 10:00:34.000,Variant 1,1,sid-7E063660-AF89-4E86-906B-E703580F1C75,,sid-e383f3a2-1ab6-4a0e-9b02-73baee020cf0,,
34,END,,2025-12-09 10:00:34.000,2025-12-09 10:00:34.000,Variant 1,1,sid-B3145B77-A916-4A27-82D5-3A1E113A7FC9,,sid-e383f3a2-1ab6-4a0e-9b02-73baee020cf0,,
55,START,,2025-12-09 10:00:55.000,2025-12-09 10:00:55.000,Variant 1,1,sid-7E063660-AF89-4E86-906B-E703580F1C75,,sid-e383f3a2-1ab6-4a0e-9b02-73baee020cf0,,
55,END,,2025-12-09 10:00:55.000,2025-12-09 10:00:55.000,Variant 1,1,sid-B3145B77-A916-4A27-82D5-3A1E113A7FC9,,sid-e383f3a2-1ab6-4a0e-9b02-73baee020cf0,,
98,START,,2025-12-09 10:01:38.000,2025-12-09 10:01:38.000,Variant 1,1,sid-7E063660-AF89-4E86-906B-E703580F1C75,,sid-e383f3a2-1ab6-4a0e-9b02-73baee020cf0,,
98,END,,2025-12-09 10:01:38.000,2025-12-09 10:01:38.000,Variant 1,1,sid-B3145B77-A916-4A27-82D5-3A1E113A7FC9,,sid-e383f3a2-1ab6-4a0e-9b02-73baee020cf0,,
12,START,,2025-12-09 10:00:12.000,2025-12-09 10:00:12.000,Variant 4,4,sid-7E063660-AF89-4E86-906B-E703580F1C75,,sid-e383f3a2-1ab6-4a0e-9b02-73baee020cf0,,
12,EVALUATE CLASSIFIER,Session-000003,2025-12-09 10:00:12.000,2025-12-09 10:00:13.000,Variant 4,4,sid-3F9FCBD8-DDC3-4B0E-83B6-1C5C1C3EAA41,1.0,sid-e383f3a2-1ab6-4a0e-9b02-73baee020cf0,0.0,QBP_DEFAULT_RESOURCE
12,END,,2025-12-09 10:00:13.000,2025-12-09 10:00:13.000,Variant 4,4,sid-B3145B77-A916-4A27-82D5-3A1E113A7FC9,,sid-e383f3a2-1ab6-4a0e-9b02-73baee020cf0,,
77,START,,2025-12-09 10:01:17.000,2025-12-09 10:01:17.000,Variant 1,1,sid-7E063660-AF89-4E86-906B-E703580F1C75,,sid-e383f3a2-1ab6-4a0e-9b02-73baee020cf0,,
77,END,,2025-12-09 10:01:17.000,2025-12-09 10:01:17.000,Variant 1,1,sid-B3145B77-A916-4A27-82D5-3A1E113A7FC9,,sid-e383f3a2-1ab6-4a0e-9b02-73baee020cf0,,
32,START,,2025-12-09 10:00:32.000,2025-12-09 10:00:32.000,Variant 1,1,sid-7E063660-AF89-4E86-906B-E703580F1C75,,sid-e383f3a2-1ab6-4a0e-9b02-73baee020cf0,,
32,END,,2025-12-09 10:00:32.000,2025-12-09 10:00:32.000,Variant 1,1,sid-B3145B77-A916-4A27-82D5-3A1E113A7FC9,,sid-e383f3a2-1ab6-4a0e-9b02-73baee020cf0,,
53,START,,2025-12-09 10:00:53.000,2025-12-09 10:00:53.000,Variant 1,1,sid-7E063660-AF89-4E86-906B-E703580F1C75,,sid-e383f3a2-1ab6-4a0e-9b02-73baee020cf0,,
53,END,,2025-12-09 10:00:53.000,2025-12-09 10:00:53.000,Variant 1,1,sid-B3145B77-A916-4A27-82D5-3A1E113A7FC9,,sid-e383f3a2-1ab6-4a0e-9b02-73baee020cf0,,
95,START,,2025-12-09 10:01:35.000,2025-12-09 10:01:35.000,Variant 1,1,sid-7E063660-AF89-4E86-906B-E703580F1C75,,sid-e383f3a2-1ab6-4a0e-9b02-73baee020cf0,,
95,END,,2025-12-09 10:01:35.000,2025-12-09 10:01:35.000,Variant 1,1,sid-B3145B77-A916-4A27-82D5-3A1E113A7FC9,,sid-e383f3a2-1ab6-4a0e-9b02-73baee020cf0,,
96,START,,2025-12-09 10:01:36.000,2025-12-09 10:01:36.000,Variant 1,1,sid-7E063660-AF89-4E86-906B-E703580F1C75,,sid-e383f3a2-1ab6-4a0e-9b02-73baee020cf0,,
96,END,,2025-12-09 10:01:36.000,2025-12-09 10:01:36.000,Variant 1,1,sid-B3145B77-A916-4A27-82D5-3A1E113A7FC9,,sid-e383f3a2-1ab6-4a0e-9b02-73baee020cf0,,
31,START,,2025-12-09 10:00:31.000,2025-12-09 10:00:31.000,Variant 4,4,sid-7E063660-AF89-4E86-906B-E703580F1C75,,sid-e383f3a2-1ab6-4a0e-9b02-73baee020cf0,,
31,EVALUATE CLASSIFIER,Session-000006,2025-12-09 10:00:31.000,2025-12-09 10:00:32.000,Variant 4,4,sid-3F9FCBD8-DDC3-4B0E-83B6-1C5C1C3EAA41,1.0,sid-e383f3a2-1ab6-4a0e-9b02-73baee020cf0,0.0,QBP_DEFAULT_RESOURCE
31,END,,2025-12-09 10:00:32.000,2025-12-09 10:00:32.000,Variant 4,4,sid-B3145B77-A916-4A27-82D5-3A1E113A7FC9,,sid-e383f3a2-1ab6-4a0e-9b02-73baee020cf0,,
33,START,,2025-12-09 10:00:33.000,2025-12-09 10:00:33.000,Variant 2,2,sid-7E063660-AF89-4E86-906B-E703580F1C75,,sid-e383f3a2-1ab6-4a0e-9b02-73baee020cf0,,
33,CHECK DATA BALANCING,Session-000009,2025-12-09 10:00:33.000,2025-12-09 10:00:34.000,Variant 2,2,sid-B48DF955-D774-4256-AEB6-099744469155,1.0,sid-e383f3a2-1ab6-4a0e-9b02-73baee020cf0,0.0,QBP_DEFAULT_RESOURCE
33,CONFIGURE INGESTION SYSTEM,Session-000001,2025-12-09 10:00:34.000,2025-12-09 10:00:35.000,Variant 2,2,sid-52FE4380-2098-41C0-BE60-F2DEACC760F5,1.0,sid-e383f3a2-1ab6-4a0e-9b02-73baee020cf0,0.0,QBP_DEFAULT_RESOURCE
33,CONFIGURE PREPARATION SYSTEM,Session-000004,2025-12-09 10:00:35.000,2025-12-09 10:00:36.000,Variant 2,2,sid-C6B14BB8-F42E-43E5-9A7E-0AA34AA52EE6,1.0,sid-e383f3a2-1ab6-4a0e-9b02-73baee020cf0,0.0,QBP_DEFAULT_RESOURCE
33,CONFIGURE SEGREGATION SYSTEM,Session-000007,2025-12-09 10:00:36.000,2025-12-09 10:00:37.000,Variant 2,2,sid-1C9C5582-B583-4832-8DEA-4BDBB1AF9F15,1.0,sid-e383f3a2-1ab6-4a0e-9b02-73baee020cf0,0.0,QBP_DEFAULT_RESOURCE
33,CONFIGURE DEVELOPMENT SYSTEM,Session-000010,2025-12-09 10:00:37.000,2025-12-09 10:00:38.000,Variant 2,2,sid-AB394422-8628-4377-B7B8-A25A46935C63,1.0,sid-e383f3a2-1ab6-4a0e-9b02-73baee020cf0,0.0,QBP_DEFAULT_RESOURCE
33,CONFIGURE CLASSIFICATION SYSTEM,Session-000002,2025-12-09 10:00:38.000,2025-12-09 10:00:39.000,Variant 2,2,sid-50D70578-9920-4164-BA4D-ED2DFBC6DFC4,1.0,sid-e383f3a2-1ab6-4a0e-9b02-73baee020cf0,0.0,QBP_DEFAULT_RESOURCE
33,CONFIGURE EVALUATION SYSTEM,Session-000005,2025-12-09 10:00:39.000,2025-12-09 10:00:40.000,Variant 2,2,sid-8AEFBBF0-A454-4978-9B69-49B3851CF601,1.0,sid-e383f3a2-1ab6-4a0e-9b02-73baee020cf0,0.0,QBP_DEFAULT_RESOURCE
33,CONFIGURE CLIENT-SIDE SYSTEMS,Session-000008,2025-12-09 10:00:40.000,2025-12-09 10:00:41.000,Variant 2,2,sid-2A6D8261-8FF9-4B37-A6BF-D919D2DFB69B,1.0,sid-e383f3a2-1ab6-4a0e-9b02-73baee020cf0,0.0,QBP_DEFAULT_RESOURCE
33,END,,2025-12-09 10:00:41.000,2025-12-09 10:00:41.000,Variant 2,2,sid-B3145B77-A916-4A27-82D5-3A1E113A7FC9,,sid-e383f3a2-1ab6-4a0e-9b02-73baee020cf0,,
52,START,,2025-12-09 10:00:52.000,2025-12-09 10:00:52.000,Variant 2,2,sid-7E063660-AF89-4E86-906B-E703580F1C75,,sid-e383f3a2-1ab6-4a0e-9b02-73baee020cf0,,
52,CHECK DATA BALANCING,Session-000004,2025-12-09 10:00:52.000,2025-12-09 10:00:53.000,Variant 2,2,sid-B48DF955-D774-4256-AEB6-099744469155,1.0,sid-e383f3a2-1ab6-4a0e-9b02-73baee020cf0,0.0,QBP_DEFAULT_RESOURCE
52,CONFIGURE INGESTION SYSTEM,Session-000008,2025-12-09 10:00:53.000,2025-12-09 10:00:54.000,Variant 2,2,sid-52FE4380-2098-41C0-BE60-F2DEACC760F5,1.0,sid-e383f3a2-1ab6-4a0e-9b02-73baee020cf0,0.0,QBP_DEFAULT_RESOURCE
52,CONFIGURE PREPARATION SYSTEM,Session-000003,2025-12-09 10:00:54.000,2025-12-09 10:00:55.000,Variant 2,2,sid-C6B14BB8-F42E-43E5-9A7E-0AA34AA52EE6,1.0,sid-e383f3a2-1ab6-4a0e-9b02-73baee020cf0,0.0,QBP_DEFAULT_RESOURCE
52,CONFIGURE SEGREGATION SYSTEM,Session-000008,2025-12-09 10:00:55.000,2025-12-09 10:00:56.000,Variant 2,2,sid-1C9C5582-B583-4832-8DEA-4BDBB1AF9F15,1.0,sid-e383f3a2-1ab6-4a0e-9b02-73baee020cf0,0.0,QBP_DEFAULT_RESOURCE
52,CONFIGURE DEVELOPMENT SYSTEM,Session-000003,2025-12-09 10:00:56.000,2025-12-09 10:00:57.000,Variant 2,2,sid-AB394422-8628-4377-B7B8-A25A46935C63,1.0,sid-e383f3a2-1ab6-4a0e-9b02-73baee020cf0,0.0,QBP_DEFAULT_RESOURCE
52,CONFIGURE CLASSIFICATION SYSTEM,Session-000008,2025-12-09 10:00:57.000,2025-12-09 10:00:58.000,Variant 2,2,sid-50D70578-9920-4164-BA4D-ED2DFBC6DFC4,1.0,sid-e383f3a2-1ab6-4a0e-9b02-73baee020cf0,0.0,QBP_DEFAULT_RESOURCE
52,CONFIGURE EVALUATION SYSTEM,Session-000003,2025-12-09 10:00:58.000,2025-12-09 10:00:59.000,Variant 2,2,sid-8AEFBBF0-A454-4978-9B69-49B3851CF601,1.0,sid-e383f3a2-1ab6-4a0e-9b02-73baee020cf0,0.0,QBP_DEFAULT_RESOURCE
52,CONFIGURE CLIENT-SIDE SYSTEMS,Session-000008,2025-12-09 10:00:59.000,2025-12-09 10:01:00.000,Variant 2,2,sid-2A6D8261-8FF9-4B37-A6BF-D919D2DFB69B,1.0,sid-e383f3a2-1ab6-4a0e-9b02-73baee020cf0,0.0,QBP_DEFAULT_RESOURCE
52,END,,2025-12-09 10:01:00.000,2025-12-09 10:01:00.000,Variant 2,2,sid-B3145B77-A916-4A27-82D5-3A1E113A7FC9,,sid-e383f3a2-1ab6-4a0e-9b02-73baee020cf0,,
54,START,,2025-12-09 10:00:54.000,2025-12-09 10:00:54.000,Variant 9,9,sid-7E063660-AF89-4E86-906B-E703580F1C75,,sid-e383f3a2-1ab6-4a0e-9b02-73baee020cf0,,
54,CHECK DATA BALANCING,Session-000002,2025-12-09 10:00:54.000,2025-12-09 10:00:55.000,Variant 9,9,sid-B48DF955-D774-4256-AEB6-099744469155,1.0,sid-e383f3a2-1ab6-4a0e-9b02-73baee020cf0,0.0,QBP_DEFAULT_RESOURCE
54,CHECK COVERAGE,Session-000007,2025-12-09 10:00:55.000,2025-12-09 10:00:56.000,Variant 9,9,sid-84855BE7-4A74-4AA7-A950-22E81A38081C,1.0,sid-e383f3a2-1ab6-4a0e-9b02-73baee020cf0,0.0,QBP_DEFAULT_RESOURCE
54,SET NUMBER OF ITERATIONS,Session-000002,2025-12-09 10:00:56.000,2025-12-09 10:00:57.000,Variant 9,9,sid-7D343CDC-849C-4479-9343-9EF1E02C5042,1.0,sid-e383f3a2-1ab6-4a0e-9b02-73baee020cf0,0.0,QBP_DEFAULT_RESOURCE
54,CHECK VALIDATION RESULTS,Session-000007,2025-12-09 10:00:57.000,2025-12-09 10:00:58.000,Variant 9,9,sid-CDCECFDC-6D1A-4D0D-AC63-4678A965EE2D,1.0,sid-e383f3a2-1ab6-4a0e-9b02-73baee020cf0,0.0,QBP_DEFAULT_RESOURCE
54,SET NUMBER OF ITERATIONS,Session-000002,2025-12-09 10:00:58.000,2025-12-09 10:00:59.000,Variant 9,9,sid-7D343CDC-849C-4479-9343-9EF1E02C5042,1.0,sid-e383f3a2-1ab6-4a0e-9b02-73baee020cf0,0.0,QBP_DEFAULT_RESOURCE
54,CHECK CALIBRATION PLOT,Session-000007,2025-12-09 10:00:59.000,2025-12-09 10:01:00.000,Variant 9,9,sid-B70575F0-6E48-4039-AEE5-9A99A66DF722,1.0,sid-e383f3a2-1ab6-4a0e-9b02-73baee020cf0,0.0,QBP_DEFAULT_RESOURCE
54,SET NUMBER OF ITERATIONS,Session-000010,2025-12-09 10:01:00.000,2025-12-09 10:01:01.000,Variant 9,9,sid-7D343CDC-849C-4479-9343-9EF1E02C5042,1.0,sid-e383f3a2-1ab6-4a0e-9b02-73baee020cf0,0.0,QBP_DEFAULT_RESOURCE
54,CHECK CALIBRATION PLOT,Session-000003,2025-12-09 10:01:01.000,2025-12-09 10:01:02.000,Variant 9,9,sid-B70575F0-6E48-4039-AEE5-9A99A66DF722,1.0,sid-e383f3a2-1ab6-4a0e-9b02-73baee020cf0,0.0,QBP_DEFAULT_RESOURCE
54,CHECK CALIBRATION PLOT,Session-000006,2025-12-09 10:01:02.000,2025-12-09 10:01:03.000,Variant 9,9,sid-B70575F0-6E48-4039-AEE5-9A99A66DF722,1.0,sid-e383f3a2-1ab6-4a0e-9b02-73baee020cf0,0.0,QBP_DEFAULT_RESOURCE
54,CHECK VALIDATION RESULTS,Session-000010,2025-12-09 10:01:03.000,2025-12-09 10:01:04.000,Variant 9,9,sid-CDCECFDC-6D1A-4D0D-AC63-4678A965EE2D,1.0,sid-e383f3a2-1ab6-4a0e-9b02-73baee020cf0,0.0,QBP_DEFAULT_RESOURCE
54,SET NUMBER OF ITERATIONS,Session-000004,2025-12-09 10:01:04.000,2025-12-09 10:01:05.000,Variant 9,9,sid-7D343CDC-849C-4479-9343-9EF1E02C5042,1.0,sid-e383f3a2-1ab6-4a0e-9b02-73baee020cf0,0.0,QBP_DEFAULT_RESOURCE
54,CHECK VALIDATION RESULTS,Session-000009,2025-12-09 10:01:05.000,2025-12-09 10:01:06.000,Variant 9,9,sid-CDCECFDC-6D1A-4D0D-AC63-4678A965EE2D,1.0,sid-e383f3a2-1ab6-4a0e-9b02-73baee020cf0,0.0,QBP_DEFAULT_RESOURCE
54,CHECK TEST RESULTS,Session-000003,2025-12-09 10:01:06.000,2025-12-09 10:01:07.000,Variant 9,9,sid-3F3477CA-2154-443D-990D-BA61AA0EEDD2,1.0,sid-e383f3a2-1ab6-4a0e-9b02-73baee020cf0,0.0,QBP_DEFAULT_RESOURCE
54,CONFIGURE INGESTION SYSTEM,Session-000007,2025-12-09 10:01:07.000,2025-12-09 10:01:08.000,Variant 9,9,sid-52FE4380-2098-41C0-BE60-F2DEACC760F5,1.0,sid-e383f3a2-1ab6-4a0e-9b02-73baee020cf0,0.0,QBP_DEFAULT_RESOURCE
54,CONFIGURE PREPARATION SYSTEM,Session-000001,2025-12-09 10:01:08.000,2025-12-09 10:01:09.000,Variant 9,9,sid-C6B14BB8-F42E-43E5-9A7E-0AA34AA52EE6,1.0,sid-e383f3a2-1ab6-4a0e-9b02-73baee020cf0,0.0,QBP_DEFAULT_RESOURCE
54,CONFIGURE SEGREGATION SYSTEM,Session-000005,2025-12-09 10:01:09.000,2025-12-09 10:01:10.000,Variant 9,9,sid-1C9C5582-B583-4832-8DEA-4BDBB1AF9F15,1.0,sid-e383f3a2-1ab6-4a0e-9b02-73baee020cf0,0.0,QBP_DEFAULT_RESOURCE
54,CONFIGURE DEVELOPMENT SYSTEM,Session-000009,2025-12-09 10:01:10.000,2025-12-09 10:01:11.000,Variant 9,9,sid-AB394422-8628-4377-B7B8-A25A46935C63,1.0,sid-e383f3a2-1ab6-4a0e-9b02-73baee020cf0,0.0,QBP_DEFAULT_RESOURCE
54,CONFIGURE CLASSIFICATION SYSTEM,Session-000002,2025-12-09 10:01:11.000,2025-12-09 10:01:12.000,Variant 9,9,sid-50D70578-9920-4164-BA4D-ED2DFBC6DFC4,1.0,sid-e383f3a2-1ab6-4a0e-9b02-73baee020cf0,0.0,QBP_DEFAULT_RESOURCE
54,CONFIGURE EVALUATION SYSTEM,Session-000006,2025-12-09 10:01:12.000,2025-12-09 10:01:13.000,Variant 9,9,sid-8AEFBBF0-A454-4978-9B69-49B3851CF601,1.0,sid-e383f3a2-1ab6-4a0e-9b02-73baee020cf0,0.0,QBP_DEFAULT_RESOURCE
54,CONFIGURE CLIENT-SIDE SYSTEMS,Session-000009,2025-12-09 10:01:13.000,2025-12-09 10:01:14.000,Variant 9,9,sid-2A6D8261-8FF9-4B37-A6BF-D919D2DFB69B,1.0,sid-e383f3a2-1ab6-4a0e-9b02-73baee020cf0,0.0,QBP_DEFAULT_RESOURCE
54,END,,2025-12-09 10:01:14.000,2025-12-09 10:01:14.000,Variant 9,9,sid-B3145B77-A916-4A27-82D5-3A1E113A7FC9,,sid-e383f3a2-1ab6-4a0e-9b02-73baee020cf0,,
11,START,,2025-12-09 10:00:11.000,2025-12-09 10:00:11.000,Variant 5,5,sid-7E063660-AF89-4E86-906B-E703580F1C75,,sid-e383f3a2-1ab6-4a0e-9b02-73baee020cf0,,
11,EVALUATE CLASSIFIER,Session-000007,2025-12-09 10:00:11.000,2025-12-09 10:00:12.000,Variant 5,5,sid-3F9FCBD8-DDC3-4B0E-83B6-1C5C1C3EAA41,1.0,sid-e383f3a2-1ab6-4a0e-9b02-73baee020cf0,0.0,QBP_DEFAULT_RESOURCE
11,CONFIGURE INGESTION SYSTEM,Session-000004,2025-12-09 10:00:12.000,2025-12-09 10:00:13.000,Variant 5,5,sid-52FE4380-2098-41C0-BE60-F2DEACC760F5,1.0,sid-e383f3a2-1ab6-4a0e-9b02-73baee020cf0,0.0,QBP_DEFAULT_RESOURCE
11,CONFIGURE PREPARATION SYSTEM,Session-000010,2025-12-09 10:00:13.000,2025-12-09 10:00:14.000,Variant 5,5,sid-C6B14BB8-F42E-43E5-9A7E-0AA34AA52EE6,1.0,sid-e383f3a2-1ab6-4a0e-9b02-73baee020cf0,0.0,QBP_DEFAULT_RESOURCE
11,CONFIGURE SEGREGATION SYSTEM,Session-000005,2025-12-09 10:00:14.000,2025-12-09 10:00:15.000,Variant 5,5,sid-1C9C5582-B583-4832-8DEA-4BDBB1AF9F15,1.0,sid-e383f3a2-1ab6-4a0e-9b02-73baee020cf0,0.0,QBP_DEFAULT_RESOURCE
11,CONFIGURE DEVELOPMENT SYSTEM,Session-000009,2025-12-09 10:00:15.000,2025-12-09 10:00:16.000,Variant 5,5,sid-AB394422-8628-4377-B7B8-A25A46935C63,1.0,sid-e383f3a2-1ab6-4a0e-9b02-73baee020cf0,0.0,QBP_DEFAULT_RESOURCE
11,CONFIGURE CLASSIFICATION SYSTEM,Session-000001,2025-12-09 10:00:16.000,2025-12-09 10:00:17.000,Variant 5,5,sid-50D70578-9920-4164-BA4D-ED2DFBC6DFC4,1.0,sid-e383f3a2-1ab6-4a0e-9b02-73baee020cf0,0.0,QBP_DEFAULT_RESOURCE
11,CONFIGURE EVALUATION SYSTEM,Session-000003,2025-12-09 10:00:17.000,2025-12-09 10:00:18.000,Variant 5,5,sid-8AEFBBF0-A454-4978-9B69-49B3851CF601,1.0,sid-e383f3a2-1ab6-4a0e-9b02-73baee020cf0,0.0,QBP_DEFAULT_RESOURCE
11,CONFIGURE CLIENT-SIDE SYSTEMS,Session-000005,2025-12-09 10:00:18.000,2025-12-09 10:00:19.000,Variant 5,5,sid-2A6D8261-8FF9-4B37-A6BF-D919D2DFB69B,1.0,sid-e383f3a2-1ab6-4a0e-9b02-73baee020cf0,0.0,QBP_DEFAULT_RESOURCE
11,END,,2025-12-09 10:00:19.000,2025-12-09 10:00:19.000,Variant 5,5,sid-B3145B77-A916-4A27-82D5-3A1E113A7FC9,,sid-e383f3a2-1ab6-4a0e-9b02-73baee020cf0,,
74,START,,2025-12-09 10:01:14.000,2025-12-09 10:01:14.000,Variant 5,5,sid-7E063660-AF89-4E86-906B-E703580F1C75,,sid-e383f3a2-1ab6-4a0e-9b02-73baee020cf0,,
74,EVALUATE CLASSIFIER,Session-000010,2025-12-09 10:01:14.000,2025-12-09 10:01:15.000,Variant 5,5,sid-3F9FCBD8-DDC3-4B0E-83B6-1C5C1C3EAA41,1.0,sid-e383f3a2-1ab6-4a0e-9b02-73baee020cf0,0.0,QBP_DEFAULT_RESOURCE
74,CONFIGURE INGESTION SYSTEM,Session-000003,2025-12-09 10:01:15.000,2025-12-09 10:01:16.000,Variant 5,5,sid-52FE4380-2098-41C0-BE60-F2DEACC760F5,1.0,sid-e383f3a2-1ab6-4a0e-9b02-73baee020cf0,0.0,QBP_DEFAULT_RESOURCE
74,CONFIGURE PREPARATION SYSTEM,Session-000007,2025-12-09 10:01:16.000,2025-12-09 10:01:17.000,Variant 5,5,sid-C6B14BB8-F42E-43E5-9A7E-0AA34AA52EE6,1.0,sid-e383f3a2-1ab6-4a0e-9b02-73baee020cf0,0.0,QBP_DEFAULT_RESOURCE
74,CONFIGURE SEGREGATION SYSTEM,Session-000001,2025-12-09 10:01:17.000,2025-12-09 10:01:18.000,Variant 5,5,sid-1C9C5582-B583-4832-8DEA-4BDBB1AF9F15,1.0,sid-e383f3a2-1ab6-4a0e-9b02-73baee020cf0,0.0,QBP_DEFAULT_RESOURCE
74,CONFIGURE DEVELOPMENT SYSTEM,Session-000006,2025-12-09 10:01:18.000,2025-12-09 10:01:19.000,Variant 5,5,sid-AB394422-8628-4377-B7B8-A25A46935C63,1.0,sid-e383f3a2-1ab6-4a0e-9b02-73baee020cf0,0.0,QBP_DEFAULT_RESOURCE
74,CONFIGURE CLASSIFICATION SYSTEM,Session-000010,2025-12-09 10:01:19.000,2025-12-09 10:01:20.000,Variant 5,5,sid-50D70578-9920-4164-BA4D-ED2DFBC6DFC4,1.0,sid-e383f3a2-1ab6-4a0e-9b02-73baee020cf0,0.0,QBP_DEFAULT_RESOURCE
74,CONFIGURE EVALUATION SYSTEM,Session-000004,2025-12-09 10:01:20.000,2025-12-09 10:01:21.000,Variant 5,5,sid-8AEFBBF0-A454-4978-9B69-49B3851CF601,1.0,sid-e383f3a2-1ab6-4a0e-9b02-73baee020cf0,0.0,QBP_DEFAULT_RESOURCE
74,CONFIGURE CLIENT-SIDE SYSTEMS,Session-000007,2025-12-09 10:01:21.000,2025-12-09 10:01:22.000,Variant 5,5,sid-2A6D8261-8FF9-4B37-A6BF-D919D2DFB69B,1.0,sid-e383f3a2-1ab6-4a0e-9b02-73baee020cf0,0.0,QBP_DEFAULT_RESOURCE
74,END,,2025-12-09 10:01:22.000,2025-12-09 10:01:22.000,Variant 5,5,sid-B3145B77-A916-4A27-82D5-3A1E113A7FC9,,sid-e383f3a2-1ab6-4a0e-9b02-73baee020cf0,,
76,START,,2025-12-09 10:01:16.000,2025-12-09 10:01:16.000,Variant 2,2,sid-7E063660-AF89-4E86-906B-E703580F1C75,,sid-e383f3a2-1ab6-4a0e-9b02-73baee020cf0,,
76,CHECK DATA BALANCING,Session-000006,2025-12-09 10:01:16.000,2025-12-09 10:01:17.000,Variant 2,2,sid-B48DF955-D774-4256-AEB6-099744469155,1.0,sid-e383f3a2-1ab6-4a0e-9b02-73baee020cf0,0.0,QBP_DEFAULT_RESOURCE
76,CONFIGURE INGESTION SYSTEM,Session-000010,2025-12-09 10:01:17.000,2025-12-09 10:01:18.000,Variant 2,2,sid-52FE4380-2098-41C0-BE60-F2DEACC760F5,1.0,sid-e383f3a2-1ab6-4a0e-9b02-73baee020cf0,0.0,QBP_DEFAULT_RESOURCE
76,CONFIGURE PREPARATION SYSTEM,Session-000005,2025-12-09 10:01:18.000,2025-12-09 10:01:19.000,Variant 2,2,sid-C6B14BB8-F42E-43E5-9A7E-0AA34AA52EE6,1.0,sid-e383f3a2-1ab6-4a0e-9b02-73baee020cf0,0.0,QBP_DEFAULT_RESOURCE
76,CONFIGURE SEGREGATION SYSTEM,Session-000009,2025-12-09 10:01:19.000,2025-12-09 10:01:20.000,Variant 2,2,sid-1C9C5582-B583-4832-8DEA-4BDBB1AF9F15,1.0,sid-e383f3a2-1ab6-4a0e-9b02-73baee020cf0,0.0,QBP_DEFAULT_RESOURCE
76,CONFIGURE DEVELOPMENT SYSTEM,Session-000003,2025-12-09 10:01:20.000,2025-12-09 10:01:21.000,Variant 2,2,sid-AB394422-8628-4377-B7B8-A25A46935C63,1.0,sid-e383f3a2-1ab6-4a0e-9b02-73baee020cf0,0.0,QBP_DEFAULT_RESOURCE
76,CONFIGURE CLASSIFICATION SYSTEM,Session-000006,2025-12-09 10:01:21.000,2025-12-09 10:01:22.000,Variant 2,2,sid-50D70578-9920-4164-BA4D-ED2DFBC6DFC4,1.0,sid-e383f3a2-1ab6-4a0e-9b02-73baee020cf0,0.0,QBP_DEFAULT_RESOURCE
76,CONFIGURE EVALUATION SYSTEM,Session-000009,2025-12-09 10:01:22.000,2025-12-09 10:01:23.000,Variant 2,2,sid-8AEFBBF0-A454-4978-9B69-49B3851CF601,1.0,sid-e383f3a2-1ab6-4a0e-9b02-73baee020cf0,0.0,QBP_DEFAULT_RESOURCE
76,CONFIGURE CLIENT-SIDE SYSTEMS,Session-000001,2025-12-09 10:01:23.000,2025-12-09 10:01:24.000,Variant 2,2,sid-2A6D8261-8FF9-4B37-A6BF-D919D2DFB69B,1.0,sid-e383f3a2-1ab6-4a0e-9b02-73baee020cf0,0.0,QBP_DEFAULT_RESOURCE
76,END,,2025-12-09 10:01:24.000,2025-12-09 10:01:24.000,Variant 2,2,sid-B3145B77-A916-4A27-82D5-3A1E113A7FC9,,sid-e383f3a2-1ab6-4a0e-9b02-73baee020cf0,,
97,START,,2025-12-09 10:01:37.000,2025-12-09 10:01:37.000,Variant 1,1,sid-7E063660-AF89-4E86-906B-E703580F1C75,,sid-e383f3a2-1ab6-4a0e-9b02-73baee020cf0,,
97,END,,2025-12-09 10:01:37.000,2025-12-09 10:01:37.000,Variant 1,1,sid-B3145B77-A916-4A27-82D5-3A1E113A7FC9,,sid-e383f3a2-1ab6-4a0e-9b02-73baee020cf0,,
10,START,,2025-12-09 10:00:10.000,2025-12-09 10:00:10.000,Variant 2,2,sid-7E063660-AF89-4E86-906B-E703580F1C75,,sid-e383f3a2-1ab6-4a0e-9b02-73baee020cf0,,
10,CHECK DATA BALANCING,Session-000002,2025-12-09 10:00:10.000,2025-12-09 10:00:11.000,Variant 2,2,sid-B48DF955-D774-4256-AEB6-099744469155,1.0,sid-e383f3a2-1ab6-4a0e-9b02-73baee020cf0,0.0,QBP_DEFAULT_RESOURCE
10,CONFIGURE INGESTION SYSTEM,Session-000008,2025-12-09 10:00:11.000,2025-12-09 10:00:12.000,Variant 2,2,sid-52FE4380-2098-41C0-BE60-F2DEACC760F5,1.0,sid-e383f3a2-1ab6-4a0e-9b02-73baee020cf0,0.0,QBP_DEFAULT_RESOURCE
10,CONFIGURE PREPARATION SYSTEM,Session-000005,2025-12-09 10:00:12.000,2025-12-09 10:00:13.000,Variant 2,2,sid-C6B14BB8-F42E-43E5-9A7E-0AA34AA52EE6,1.0,sid-e383f3a2-1ab6-4a0e-9b02-73baee020cf0,0.0,QBP_DEFAULT_RESOURCE
10,CONFIGURE SEGREGATION SYSTEM,Session-000001,2025-12-09 10:00:13.000,2025-12-09 10:00:14.000,Variant 2,2,sid-1C9C5582-B583-4832-8DEA-4BDBB1AF9F15,1.0,sid-e383f3a2-1ab6-4a0e-9b02-73baee020cf0,0.0,QBP_DEFAULT_RESOURCE
10,CONFIGURE DEVELOPMENT SYSTEM,Session-000006,2025-12-09 10:00:14.000,2025-12-09 10:00:15.000,Variant 2,2,sid-AB394422-8628-4377-B7B8-A25A46935C63,1.0,sid-e383f3a2-1ab6-4a0e-9b02-73baee020cf0,0.0,QBP_DEFAULT_RESOURCE
10,CONFIGURE CLASSIFICATION SYSTEM,Session-000010,2025-12-09 10:00:15.000,2025-12-09 10:00:16.000,Variant 2,2,sid-50D70578-9920-4164-BA4D-ED2DFBC6DFC4,1.0,sid-e383f3a2-1ab6-4a0e-9b02-73baee020cf0,0.0,QBP_DEFAULT_RESOURCE
10,CONFIGURE EVALUATION SYSTEM,Session-000002,2025-12-09 10:00:16.000,2025-12-09 10:00:17.000,Variant 2,2,sid-8AEFBBF0-A454-4978-9B69-49B3851CF601,1.0,sid-e383f3a2-1ab6-4a0e-9b02-73baee020cf0,0.0,QBP_DEFAULT_RESOURCE
10,CONFIGURE CLIENT-SIDE SYSTEMS,Session-000004,2025-12-09 10:00:17.000,2025-12-09 10:00:18.000,Variant 2,2,sid-2A6D8261-8FF9-4B37-A6BF-D919D2DFB69B,1.0,sid-e383f3a2-1ab6-4a0e-9b02-73baee020cf0,0.0,QBP_DEFAULT_RESOURCE
10,END,,2025-12-09 10:00:18.000,2025-12-09 10:00:18.000,Variant 2,2,sid-B3145B77-A916-4A27-82D5-3A1E113A7FC9,,sid-e383f3a2-1ab6-4a0e-9b02-73baee020cf0,,
75,START,,2025-12-09 10:01:15.000,2025-12-09 10:01:15.000,Variant 1,1,sid-7E063660-AF89-4E86-906B-E703580F1C75,,sid-e383f3a2-1ab6-4a0e-9b02-73baee020cf0,,
75,END,,2025-12-09 10:01:15.000,2025-12-09 10:01:15.000,Variant 1,1,sid-B3145B77-A916-4A27-82D5-3A1E113A7FC9,,sid-e383f3a2-1ab6-4a0e-9b02-73baee020cf0,,
81,START,,2025-12-09 10:01:21.000,2025-12-09 10:01:21.000,Variant 1,1,sid-7E063660-AF89-4E86-906B-E703580F1C75,,sid-e383f3a2-1ab6-4a0e-9b02-73baee020cf0,,
81,END,,2025-12-09 10:01:21.000,2025-12-09 10:01:21.000,Variant 1,1,sid-B3145B77-A916-4A27-82D5-3A1E113A7FC9,,sid-e383f3a2-1ab6-4a0e-9b02-73baee020cf0,,
83,START,,2025-12-09 10:01:23.000,2025-12-09 10:01:23.000,Variant 1,1,sid-7E063660-AF89-4E86-906B-E703580F1C75,,sid-e383f3a2-1ab6-4a0e-9b02-73baee020cf0,,
83,END,,2025-12-09 10:01:23.000,2025-12-09 10:01:23.000,Variant 1,1,sid-B3145B77-A916-4A27-82D5-3A1E113A7FC9,,sid-e383f3a2-1ab6-4a0e-9b02-73baee020cf0,,
40,START,,2025-12-09 10:00:40.000,2025-12-09 10:00:40.000,Variant 2,2,sid-7E063660-AF89-4E86-906B-E703580F1C75,,sid-e383f3a2-1ab6-4a0e-9b02-73baee020cf0,,
40,CHECK DATA BALANCING,Session-000006,2025-12-09 10:00:40.000,2025-12-09 10:00:41.000,Variant 2,2,sid-B48DF955-D774-4256-AEB6-099744469155,1.0,sid-e383f3a2-1ab6-4a0e-9b02-73baee020cf0,0.0,QBP_DEFAULT_RESOURCE
40,CONFIGURE INGESTION SYSTEM,Session-000009,2025-12-09 10:00:41.000,2025-12-09 10:00:42.000,Variant 2,2,sid-52FE4380-2098-41C0-BE60-F2DEACC760F5,1.0,sid-e383f3a2-1ab6-4a0e-9b02-73baee020cf0,0.0,QBP_DEFAULT_RESOURCE
40,CONFIGURE PREPARATION SYSTEM,Session-000002,2025-12-09 10:00:42.000,2025-12-09 10:00:43.000,Variant 2,2,sid-C6B14BB8-F42E-43E5-9A7E-0AA34AA52EE6,1.0,sid-e383f3a2-1ab6-4a0e-9b02-73baee020cf0,0.0,QBP_DEFAULT_RESOURCE
40,CONFIGURE SEGREGATION SYSTEM,Session-000005,2025-12-09 10:00:43.000,2025-12-09 10:00:44.000,Variant 2,2,sid-1C9C5582-B583-4832-8DEA-4BDBB1AF9F15,1.0,sid-e383f3a2-1ab6-4a0e-9b02-73baee020cf0,0.0,QBP_DEFAULT_RESOURCE
40,CONFIGURE DEVELOPMENT SYSTEM,Session-000008,2025-12-09 10:00:44.000,2025-12-09 10:00:45.000,Variant 2,2,sid-AB394422-8628-4377-B7B8-A25A46935C63,1.0,sid-e383f3a2-1ab6-4a0e-9b02-73baee020cf0,0.0,QBP_DEFAULT_RESOURCE
40,CONFIGURE CLASSIFICATION SYSTEM,Session-000010,2025-12-09 10:00:45.000,2025-12-09 10:00:46.000,Variant 2,2,sid-50D70578-9920-4164-BA4D-ED2DFBC6DFC4,1.0,sid-e383f3a2-1ab6-4a0e-9b02-73baee020cf0,0.0,QBP_DEFAULT_RESOURCE
40,CONFIGURE EVALUATION SYSTEM,Session-000002,2025-12-09 10:00:46.000,2025-12-09 10:00:47.000,Variant 2,2,sid-8AEFBBF0-A454-4978-9B69-49B3851CF601,1.0,sid-e383f3a2-1ab6-4a0e-9b02-73baee020cf0,0.0,QBP_DEFAULT_RESOURCE
40,CONFIGURE CLIENT-SIDE SYSTEMS,Session-000004,2025-12-09 10:00:47.000,2025-12-09 10:00:48.000,Variant 2,2,sid-2A6D8261-8FF9-4B37-A6BF-D919D2DFB69B,1.0,sid-e383f3a2-1ab6-4a0e-9b02-73baee020cf0,0.0,QBP_DEFAULT_RESOURCE
40,END,,2025-12-09 10:00:48.000,2025-12-09 10:00:48.000,Variant 2,2,sid-B3145B77-A916-4A27-82D5-3A1E113A7FC9,,sid-e383f3a2-1ab6-4a0e-9b02-73baee020cf0,,
41,START,,2025-12-09 10:00:41.000,2025-12-09 10:00:41.000,Variant 1,1,sid-7E063660-AF89-4E86-906B-E703580F1C75,,sid-e383f3a2-1ab6-4a0e-9b02-73baee020cf0,,
41,END,,2025-12-09 10:00:41.000,2025-12-09 10:00:41.000,Variant 1,1,sid-B3145B77-A916-4A27-82D5-3A1E113A7FC9,,sid-e383f3a2-1ab6-4a0e-9b02-73baee020cf0,,
80,START,,2025-12-09 10:01:20.000,2025-12-09 10:01:20.000,Variant 1,1,sid-7E063660-AF89-4E86-906B-E703580F1C75,,sid-e383f3a2-1ab6-4a0e-9b02-73baee020cf0,,
80,END,,2025-12-09 10:01:20.000,2025-12-09 10:01:20.000,Variant 1,1,sid-B3145B77-A916-4A27-82D5-3A1E113A7FC9,,sid-e383f3a2-1ab6-4a0e-9b02-73baee020cf0,,
84,START,,2025-12-09 10:01:24.000,2025-12-09 10:01:24.000,Variant 1,1,sid-7E063660-AF89-4E86-906B-E703580F1C75,,sid-e383f3a2-1ab6-4a0e-9b02-73baee020cf0,,
84,END,,2025-12-09 10:01:24.000,2025-12-09 10:01:24.000,Variant 1,1,sid-B3145B77-A916-4A27-82D5-3A1E113A7FC9,,sid-e383f3a2-1ab6-4a0e-9b02-73baee020cf0,,
82,START,,2025-12-09 10:01:22.000,2025-12-09 10:01:22.000,Variant 1,1,sid-7E063660-AF89-4E86-906B-E703580F1C75,,sid-e383f3a2-1ab6-4a0e-9b02-73baee020cf0,,
82,END,,2025-12-09 10:01:22.000,2025-12-09 10:01:22.000,Variant 1,1,sid-B3145B77-A916-4A27-82D5-3A1E113A7FC9,,sid-e383f3a2-1ab6-4a0e-9b02-73baee020cf0,,
47,START,,2025-12-09 10:00:47.000,2025-12-09 10:00:47.000,Variant 1,1,sid-7E063660-AF89-4E86-906B-E703580F1C75,,sid-e383f3a2-1ab6-4a0e-9b02-73baee020cf0,,
47,END,,2025-12-09 10:00:47.000,2025-12-09 10:00:47.000,Variant 1,1,sid-B3145B77-A916-4A27-82D5-3A1E113A7FC9,,sid-e383f3a2-1ab6-4a0e-9b02-73baee020cf0,,
48,START,,2025-12-09 10:00:48.000,2025-12-09 10:00:48.000,Variant 1,1,sid-7E063660-AF89-4E86-906B-E703580F1C75,,sid-e383f3a2-1ab6-4a0e-9b02-73baee020cf0,,
48,END,,2025-12-09 10:00:48.000,2025-12-09 10:00:48.000,Variant 1,1,sid-B3145B77-A916-4A27-82D5-3A1E113A7FC9,,sid-e383f3a2-1ab6-4a0e-9b02-73baee020cf0,,
49,START,,2025-12-09 10:00:49.000,2025-12-09 10:00:49.000,Variant 2,2,sid-7E063660-AF89-4E86-906B-E703580F1C75,,sid-e383f3a2-1ab6-4a0e-9b02-73baee020cf0,,
49,CHECK DATA BALANCING,Session-000006,2025-12-09 10:00:49.000,2025-12-09 10:00:50.000,Variant 2,2,sid-B48DF955-D774-4256-AEB6-099744469155,1.0,sid-e383f3a2-1ab6-4a0e-9b02-73baee020cf0,0.0,QBP_DEFAULT_RESOURCE
49,CONFIGURE INGESTION SYSTEM,Session-000009,2025-12-09 10:00:50.000,2025-12-09 10:00:51.000,Variant 2,2,sid-52FE4380-2098-41C0-BE60-F2DEACC760F5,1.0,sid-e383f3a2-1ab6-4a0e-9b02-73baee020cf0,0.0,QBP_DEFAULT_RESOURCE
49,CONFIGURE PREPARATION SYSTEM,Session-000003,2025-12-09 10:00:51.000,2025-12-09 10:00:52.000,Variant 2,2,sid-C6B14BB8-F42E-43E5-9A7E-0AA34AA52EE6,1.0,sid-e383f3a2-1ab6-4a0e-9b02-73baee020cf0,0.0,QBP_DEFAULT_RESOURCE
49,CONFIGURE SEGREGATION SYSTEM,Session-000007,2025-12-09 10:00:52.000,2025-12-09 10:00:53.000,Variant 2,2,sid-1C9C5582-B583-4832-8DEA-4BDBB1AF9F15,1.0,sid-e383f3a2-1ab6-4a0e-9b02-73baee020cf0,0.0,QBP_DEFAULT_RESOURCE
49,CONFIGURE DEVELOPMENT SYSTEM,Session-000001,2025-12-09 10:00:53.000,2025-12-09 10:00:54.000,Variant 2,2,sid-AB394422-8628-4377-B7B8-A25A46935C63,1.0,sid-e383f3a2-1ab6-4a0e-9b02-73baee020cf0,0.0,QBP_DEFAULT_RESOURCE
49,CONFIGURE CLASSIFICATION SYSTEM,Session-000006,2025-12-09 10:00:54.000,2025-12-09 10:00:55.000,Variant 2,2,sid-50D70578-9920-4164-BA4D-ED2DFBC6DFC4,1.0,sid-e383f3a2-1ab6-4a0e-9b02-73baee020cf0,0.0,QBP_DEFAULT_RESOURCE
49,CONFIGURE EVALUATION SYSTEM,Session-000001,2025-12-09 10:00:55.000,2025-12-09 10:00:56.000,Variant 2,2,sid-8AEFBBF0-A454-4978-9B69-49B3851CF601,1.0,sid-e383f3a2-1ab6-4a0e-9b02-73baee020cf0,0.0,QBP_DEFAULT_RESOURCE
49,CONFIGURE CLIENT-SIDE SYSTEMS,Session-000006,2025-12-09 10:00:56.000,2025-12-09 10:00:57.000,Variant 2,2,sid-2A6D8261-8FF9-4B37-A6BF-D919D2DFB69B,1.0,sid-e383f3a2-1ab6-4a0e-9b02-73baee020cf0,0.0,QBP_DEFAULT_RESOURCE
49,END,,2025-12-09 10:00:57.000,2025-12-09 10:00:57.000,Variant 2,2,sid-B3145B77-A916-4A27-82D5-3A1E113A7FC9,,sid-e383f3a2-1ab6-4a0e-9b02-73baee020cf0,,
68,START,,2025-12-09 10:01:08.000,2025-12-09 10:01:08.000,Variant 1,1,sid-7E063660-AF89-4E86-906B-E703580F1C75,,sid-e383f3a2-1ab6-4a0e-9b02-73baee020cf0,,
68,END,,2025-12-09 10:01:08.000,2025-12-09 10:01:08.000,Variant 1,1,sid-B3145B77-A916-4A27-82D5-3A1E113A7FC9,,sid-e383f3a2-1ab6-4a0e-9b02-73baee020cf0,,
89,START,,2025-12-09 10:01:29.000,2025-12-09 10:01:29.000,Variant 1,1,sid-7E063660-AF89-4E86-906B-E703580F1C75,,sid-e383f3a2-1ab6-4a0e-9b02-73baee020cf0,,
89,END,,2025-12-09 10:01:29.000,2025-12-09 10:01:29.000,Variant 1,1,sid-B3145B77-A916-4A27-82D5-3A1E113A7FC9,,sid-e383f3a2-1ab6-4a0e-9b02-73baee020cf0,,
46,START,,2025-12-09 10:00:46.000,2025-12-09 10:00:46.000,Variant 1,1,sid-7E063660-AF89-4E86-906B-E703580F1C75,,sid-e383f3a2-1ab6-4a0e-9b02-73baee020cf0,,
46,END,,2025-12-09 10:00:46.000,2025-12-09 10:00:46.000,Variant 1,1,sid-B3145B77-A916-4A27-82D5-3A1E113A7FC9,,sid-e383f3a2-1ab6-4a0e-9b02-73baee020cf0,,
24,START,,2025-12-09 10:00:24.000,2025-12-09 10:00:24.000,Variant 1,1,sid-7E063660-AF89-4E86-906B-E703580F1C75,,sid-e383f3a2-1ab6-4a0e-9b02-73baee020cf0,,
24,END,,2025-12-09 10:00:24.000,2025-12-09 10:00:24.000,Variant 1,1,sid-B3145B77-A916-4A27-82D5-3A1E113A7FC9,,sid-e383f3a2-1ab6-4a0e-9b02-73baee020cf0,,
67,START,,2025-12-09 10:01:07.000,2025-12-09 10:01:07.000,Variant 1,1,sid-7E063660-AF89-4E86-906B-E703580F1C75,,sid-e383f3a2-1ab6-4a0e-9b02-73baee020cf0,,
67,END,,2025-12-09 10:01:07.000,2025-12-09 10:01:07.000,Variant 1,1,sid-B3145B77-A916-4A27-82D5-3A1E113A7FC9,,sid-e383f3a2-1ab6-4a0e-9b02-73baee020cf0,,
87,START,,2025-12-09 10:01:27.000,2025-12-09 10:01:27.000,Variant 1,1,sid-7E063660-AF89-4E86-906B-E703580F1C75,,sid-e383f3a2-1ab6-4a0e-9b02-73baee020cf0,,
87,END,,2025-12-09 10:01:27.000,2025-12-09 10:01:27.000,Variant 1,1,sid-B3145B77-A916-4A27-82D5-3A1E113A7FC9,,sid-e383f3a2-1ab6-4a0e-9b02-73baee020cf0,,
44,START,,2025-12-09 10:00:44.000,2025-12-09 10:00:44.000,Variant 1,1,sid-7E063660-AF89-4E86-906B-E703580F1C75,,sid-e383f3a2-1ab6-4a0e-9b02-73baee020cf0,,
44,END,,2025-12-09 10:00:44.000,2025-12-09 10:00:44.000,Variant 1,1,sid-B3145B77-A916-4A27-82D5-3A1E113A7FC9,,sid-e383f3a2-1ab6-4a0e-9b02-73baee020cf0,,
45,START,,2025-12-09 10:00:45.000,2025-12-09 10:00:45.000,Variant 1,1,sid-7E063660-AF89-4E86-906B-E703580F1C75,,sid-e383f3a2-1ab6-4a0e-9b02-73baee020cf0,,
45,END,,2025-12-09 10:00:45.000,2025-12-09 10:00:45.000,Variant 1,1,sid-B3145B77-A916-4A27-82D5-3A1E113A7FC9,,sid-e383f3a2-1ab6-4a0e-9b02-73baee020cf0,,
88,START,,2025-12-09 10:01:28.000,2025-12-09 10:01:28.000,Variant 10,10,sid-7E063660-AF89-4E86-906B-E703580F1C75,,sid-e383f3a2-1ab6-4a0e-9b02-73baee020cf0,,
88,CHECK DATA BALANCING,Session-000009,2025-12-09 10:01:28.000,2025-12-09 10:01:29.000,Variant 10,10,sid-B48DF955-D774-4256-AEB6-099744469155,1.0,sid-e383f3a2-1ab6-4a0e-9b02-73baee020cf0,0.0,QBP_DEFAULT_RESOURCE
88,CHECK COVERAGE,Session-000002,2025-12-09 10:01:29.000,2025-12-09 10:01:30.000,Variant 10,10,sid-84855BE7-4A74-4AA7-A950-22E81A38081C,1.0,sid-e383f3a2-1ab6-4a0e-9b02-73baee020cf0,0.0,QBP_DEFAULT_RESOURCE
88,SET NUMBER OF ITERATIONS,Session-000005,2025-12-09 10:01:30.000,2025-12-09 10:01:31.000,Variant 10,10,sid-7D343CDC-849C-4479-9343-9EF1E02C5042,1.0,sid-e383f3a2-1ab6-4a0e-9b02-73baee020cf0,0.0,QBP_DEFAULT_RESOURCE
88,CHECK CALIBRATION PLOT,Session-000008,2025-12-09 10:01:31.000,2025-12-09 10:01:32.000,Variant 10,10,sid-B70575F0-6E48-4039-AEE5-9A99A66DF722,1.0,sid-e383f3a2-1ab6-4a0e-9b02-73baee020cf0,0.0,QBP_DEFAULT_RESOURCE
88,SET NUMBER OF ITERATIONS,Session-000002,2025-12-09 10:01:32.000,2025-12-09 10:01:33.000,Variant 10,10,sid-7D343CDC-849C-4479-9343-9EF1E02C5042,1.0,sid-e383f3a2-1ab6-4a0e-9b02-73baee020cf0,0.0,QBP_DEFAULT_RESOURCE
88,CHECK VALIDATION RESULTS,Session-000007,2025-12-09 10:01:33.000,2025-12-09 10:01:34.000,Variant 10,10,sid-CDCECFDC-6D1A-4D0D-AC63-4678A965EE2D,1.0,sid-e383f3a2-1ab6-4a0e-9b02-73baee020cf0,0.0,QBP_DEFAULT_RESOURCE
88,CHECK TEST RESULTS,Session-000010,2025-12-09 10:01:34.000,2025-12-09 10:01:35.000,Variant 10,10,sid-3F3477CA-2154-443D-990D-BA61AA0EEDD2,1.0,sid-e383f3a2-1ab6-4a0e-9b02-73baee020cf0,0.0,QBP_DEFAULT_RESOURCE
88,CONFIGURE INGESTION SYSTEM,Session-000003,2025-12-09 10:01:35.000,2025-12-09 10:01:36.000,Variant 10,10,sid-52FE4380-2098-41C0-BE60-F2DEACC760F5,1.0,sid-e383f3a2-1ab6-4a0e-9b02-73baee020cf0,0.0,QBP_DEFAULT_RESOURCE
88,CONFIGURE PREPARATION SYSTEM,Session-000006,2025-12-09 10:01:36.000,2025-12-09 10:01:37.000,Variant 10,10,sid-C6B14BB8-F42E-43E5-9A7E-0AA34AA52EE6,1.0,sid-e383f3a2-1ab6-4a0e-9b02-73baee020cf0,0.0,QBP_DEFAULT_RESOURCE
88,CONFIGURE SEGREGATION SYSTEM,Session-000008,2025-12-09 10:01:37.000,2025-12-09 10:01:38.000,Variant 10,10,sid-1C9C5582-B583-4832-8DEA-4BDBB1AF9F15,1.0,sid-e383f3a2-1ab6-4a0e-9b02-73baee020cf0,0.0,QBP_DEFAULT_RESOURCE
88,CONFIGURE DEVELOPMENT SYSTEM,Session-000010,2025-12-09 10:01:38.000,2025-12-09 10:01:39.000,Variant 10,10,sid-AB394422-8628-4377-B7B8-A25A46935C63,1.0,sid-e383f3a2-1ab6-4a0e-9b02-73baee020cf0,0.0,QBP_DEFAULT_RESOURCE
88,CONFIGURE CLASSIFICATION SYSTEM,Session-000003,2025-12-09 10:01:39.000,2025-12-09 10:01:40.000,Variant 10,10,sid-50D70578-9920-4164-BA4D-ED2DFBC6DFC4,1.0,sid-e383f3a2-1ab6-4a0e-9b02-73baee020cf0,0.0,QBP_DEFAULT_RESOURCE
88,CONFIGURE EVALUATION SYSTEM,Session-000005,2025-12-09 10:01:40.000,2025-12-09 10:01:41.000,Variant 10,10,sid-8AEFBBF0-A454-4978-9B69-49B3851CF601,1.0,sid-e383f3a2-1ab6-4a0e-9b02-73baee020cf0,0.0,QBP_DEFAULT_RESOURCE
88,CONFIGURE CLIENT-SIDE SYSTEMS,Session-000007,2025-12-09 10:01:41.000,2025-12-09 10:01:42.000,Variant 10,10,sid-2A6D8261-8FF9-4B37-A6BF-D919D2DFB69B,1.0,sid-e383f3a2-1ab6-4a0e-9b02-73baee020cf0,0.0,QBP_DEFAULT_RESOURCE
88,END,,2025-12-09 10:01:42.000,2025-12-09 10:01:42.000,Variant 10,10,sid-B3145B77-A916-4A27-82D5-3A1E113A7FC9,,sid-e383f3a2-1ab6-4a0e-9b02-73baee020cf0,,
23,START,,2025-12-09 10:00:23.000,2025-12-09 10:00:23.000,Variant 1,1,sid-7E063660-AF89-4E86-906B-E703580F1C75,,sid-e383f3a2-1ab6-4a0e-9b02-73baee020cf0,,
23,END,,2025-12-09 10:00:23.000,2025-12-09 10:00:23.000,Variant 1,1,sid-B3145B77-A916-4A27-82D5-3A1E113A7FC9,,sid-e383f3a2-1ab6-4a0e-9b02-73baee020cf0,,
66,START,,2025-12-09 10:01:06.000,2025-12-09 10:01:06.000,Variant 1,1,sid-7E063660-AF89-4E86-906B-E703580F1C75,,sid-e383f3a2-1ab6-4a0e-9b02-73baee020cf0,,
66,END,,2025-12-09 10:01:06.000,2025-12-09 10:01:06.000,Variant 1,1,sid-B3145B77-A916-4A27-82D5-3A1E113A7FC9,,sid-e383f3a2-1ab6-4a0e-9b02-73baee020cf0,,
85,START,,2025-12-09 10:01:25.000,2025-12-09 10:01:25.000,Variant 2,2,sid-7E063660-AF89-4E86-906B-E703580F1C75,,sid-e383f3a2-1ab6-4a0e-9b02-73baee020cf0,,
85,CHECK DATA BALANCING,Session-000003,2025-12-09 10:01:25.000,2025-12-09 10:01:26.000,Variant 2,2,sid-B48DF955-D774-4256-AEB6-099744469155,1.0,sid-e383f3a2-1ab6-4a0e-9b02-73baee020cf0,0.0,QBP_DEFAULT_RESOURCE
85,CONFIGURE INGESTION SYSTEM,Session-000005,2025-12-09 10:01:26.000,2025-12-09 10:01:27.000,Variant 2,2,sid-52FE4380-2098-41C0-BE60-F2DEACC760F5,1.0,sid-e383f3a2-1ab6-4a0e-9b02-73baee020cf0,0.0,QBP_DEFAULT_RESOURCE
85,CONFIGURE PREPARATION SYSTEM,Session-000007,2025-12-09 10:01:27.000,2025-12-09 10:01:28.000,Variant 2,2,sid-C6B14BB8-F42E-43E5-9A7E-0AA34AA52EE6,1.0,sid-e383f3a2-1ab6-4a0e-9b02-73baee020cf0,0.0,QBP_DEFAULT_RESOURCE
85,CONFIGURE SEGREGATION SYSTEM,Session-000010,2025-12-09 10:01:28.000,2025-12-09 10:01:29.000,Variant 2,2,sid-1C9C5582-B583-4832-8DEA-4BDBB1AF9F15,1.0,sid-e383f3a2-1ab6-4a0e-9b02-73baee020cf0,0.0,QBP_DEFAULT_RESOURCE
85,CONFIGURE DEVELOPMENT SYSTEM,Session-000003,2025-12-09 10:01:29.000,2025-12-09 10:01:30.000,Variant 2,2,sid-AB394422-8628-4377-B7B8-A25A46935C63,1.0,sid-e383f3a2-1ab6-4a0e-9b02-73baee020cf0,0.0,QBP_DEFAULT_RESOURCE
85,CONFIGURE CLASSIFICATION SYSTEM,Session-000006,2025-12-09 10:01:30.000,2025-12-09 10:01:31.000,Variant 2,2,sid-50D70578-9920-4164-BA4D-ED2DFBC6DFC4,1.0,sid-e383f3a2-1ab6-4a0e-9b02-73baee020cf0,0.0,QBP_DEFAULT_RESOURCE
85,CONFIGURE EVALUATION SYSTEM,Session-000009,2025-12-09 10:01:31.000,2025-12-09 10:01:32.000,Variant 2,2,sid-8AEFBBF0-A454-4978-9B69-49B3851CF601,1.0,sid-e383f3a2-1ab6-4a0e-9b02-73baee020cf0,0.0,QBP_DEFAULT_RESOURCE
85,CONFIGURE CLIENT-SIDE SYSTEMS,Session-000003,2025-12-09 10:01:32.000,2025-12-09 10:01:33.000,Variant 2,2,sid-2A6D8261-8FF9-4B37-A6BF-D919D2DFB69B,1.0,sid-e383f3a2-1ab6-4a0e-9b02-73baee020cf0,0.0,QBP_DEFAULT_RESOURCE
85,END,,2025-12-09 10:01:33.000,2025-12-09 10:01:33.000,Variant 2,2,sid-B3145B77-A916-4A27-82D5-3A1E113A7FC9,,sid-e383f3a2-1ab6-4a0e-9b02-73baee020cf0,,
42,START,,2025-12-09 10:00:42.000,2025-12-09 10:00:42.000,Variant 3,3,sid-7E063660-AF89-4E86-906B-E703580F1C75,,sid-e383f3a2-1ab6-4a0e-9b02-73baee020cf0,,
42,CHECK DATA BALANCING,Session-000001,2025-12-09 10:00:42.000,2025-12-09 10:00:43.000,Variant 3,3,sid-B48DF955-D774-4256-AEB6-099744469155,1.0,sid-e383f3a2-1ab6-4a0e-9b02-73baee020cf0,0.0,QBP_DEFAULT_RESOURCE
42,CHECK COVERAGE,Session-000004,2025-12-09 10:00:43.000,2025-12-09 10:00:44.000,Variant 3,3,sid-84855BE7-4A74-4AA7-A950-22E81A38081C,1.0,sid-e383f3a2-1ab6-4a0e-9b02-73baee020cf0,0.0,QBP_DEFAULT_RESOURCE
42,CONFIGURE INGESTION SYSTEM,Session-000007,2025-12-09 10:00:44.000,2025-12-09 10:00:45.000,Variant 3,3,sid-52FE4380-2098-41C0-BE60-F2DEACC760F5,1.0,sid-e383f3a2-1ab6-4a0e-9b02-73baee020cf0,0.0,QBP_DEFAULT_RESOURCE
42,CONFIGURE PREPARATION SYSTEM,Session-000009,2025-12-09 10:00:45.000,2025-12-09 10:00:46.000,Variant 3,3,sid-C6B14BB8-F42E-43E5-9A7E-0AA34AA52EE6,1.0,sid-e383f3a2-1ab6-4a0e-9b02-73baee020cf0,0.0,QBP_DEFAULT_RESOURCE
42,CONFIGURE SEGREGATION SYSTEM,Session-000001,2025-12-09 10:00:46.000,2025-12-09 10:00:47.000,Variant 3,3,sid-1C9C5582-B583-4832-8DEA-4BDBB1AF9F15,1.0,sid-e383f3a2-1ab6-4a0e-9b02-73baee020cf0,0.0,QBP_DEFAULT_RESOURCE
42,CONFIGURE DEVELOPMENT SYSTEM,Session-000003,2025-12-09 10:00:47.000,2025-12-09 10:00:48.000,Variant 3,3,sid-AB394422-8628-4377-B7B8-A25A46935C63,1.0,sid-e383f3a2-1ab6-4a0e-9b02-73baee020cf0,0.0,QBP_DEFAULT_RESOURCE
42,CONFIGURE CLASSIFICATION SYSTEM,Session-000005,2025-12-09 10:00:48.000,2025-12-09 10:00:49.000,Variant 3,3,sid-50D70578-9920-4164-BA4D-ED2DFBC6DFC4,1.0,sid-e383f3a2-1ab6-4a0e-9b02-73baee020cf0,0.0,QBP_DEFAULT_RESOURCE
42,CONFIGURE EVALUATION SYSTEM,Session-000007,2025-12-09 10:00:49.000,2025-12-09 10:00:50.000,Variant 3,3,sid-8AEFBBF0-A454-4978-9B69-49B3851CF601,1.0,sid-e383f3a2-1ab6-4a0e-9b02-73baee020cf0,0.0,QBP_DEFAULT_RESOURCE
42,CONFIGURE CLIENT-SIDE SYSTEMS,Session-000010,2025-12-09 10:00:50.000,2025-12-09 10:00:51.000,Variant 3,3,sid-2A6D8261-8FF9-4B37-A6BF-D919D2DFB69B,1.0,sid-e383f3a2-1ab6-4a0e-9b02-73baee020cf0,0.0,QBP_DEFAULT_RESOURCE
42,END,,2025-12-09 10:00:51.000,2025-12-09 10:00:51.000,Variant 3,3,sid-B3145B77-A916-4A27-82D5-3A1E113A7FC9,,sid-e383f3a2-1ab6-4a0e-9b02-73baee020cf0,,
43,START,,2025-12-09 10:00:43.000,2025-12-09 10:00:43.000,Variant 1,1,sid-7E063660-AF89-4E86-906B-E703580F1C75,,sid-e383f3a2-1ab6-4a0e-9b02-73baee020cf0,,
43,END,,2025-12-09 10:00:43.000,2025-12-09 10:00:43.000,Variant 1,1,sid-B3145B77-A916-4A27-82D5-3A1E113A7FC9,,sid-e383f3a2-1ab6-4a0e-9b02-73baee020cf0,,
20,START,,2025-12-09 10:00:20.000,2025-12-09 10:00:20.000,Variant 1,1,sid-7E063660-AF89-4E86-906B-E703580F1C75,,sid-e383f3a2-1ab6-4a0e-9b02-73baee020cf0,,
20,END,,2025-12-09 10:00:20.000,2025-12-09 10:00:20.000,Variant 1,1,sid-B3145B77-A916-4A27-82D5-3A1E113A7FC9,,sid-e383f3a2-1ab6-4a0e-9b02-73baee020cf0,,
22,START,,2025-12-09 10:00:22.000,2025-12-09 10:00:22.000,Variant 3,3,sid-7E063660-AF89-4E86-906B-E703580F1C75,,sid-e383f3a2-1ab6-4a0e-9b02-73baee020cf0,,
22,CHECK DATA BALANCING,Session-000007,2025-12-09 10:00:22.000,2025-12-09 10:00:23.000,Variant 3,3,sid-B48DF955-D774-4256-AEB6-099744469155,1.0,sid-e383f3a2-1ab6-4a0e-9b02-73baee020cf0,0.0,QBP_DEFAULT_RESOURCE
22,CHECK COVERAGE,Session-000009,2025-12-09 10:00:23.000,2025-12-09 10:00:24.000,Variant 3,3,sid-84855BE7-4A74-4AA7-A950-22E81A38081C,1.0,sid-e383f3a2-1ab6-4a0e-9b02-73baee020cf0,0.0,QBP_DEFAULT_RESOURCE
22,CONFIGURE INGESTION SYSTEM,Session-000001,2025-12-09 10:00:24.000,2025-12-09 10:00:25.000,Variant 3,3,sid-52FE4380-2098-41C0-BE60-F2DEACC760F5,1.0,sid-e383f3a2-1ab6-4a0e-9b02-73baee020cf0,0.0,QBP_DEFAULT_RESOURCE
22,CONFIGURE PREPARATION SYSTEM,Session-000003,2025-12-09 10:00:25.000,2025-12-09 10:00:26.000,Variant 3,3,sid-C6B14BB8-F42E-43E5-9A7E-0AA34AA52EE6,1.0,sid-e383f3a2-1ab6-4a0e-9b02-73baee020cf0,0.0,QBP_DEFAULT_RESOURCE
22,CONFIGURE SEGREGATION SYSTEM,Session-000005,2025-12-09 10:00:26.000,2025-12-09 10:00:27.000,Variant 3,3,sid-1C9C5582-B583-4832-8DEA-4BDBB1AF9F15,1.0,sid-e383f3a2-1ab6-4a0e-9b02-73baee020cf0,0.0,QBP_DEFAULT_RESOURCE
22,CONFIGURE DEVELOPMENT SYSTEM,Session-000007,2025-12-09 10:00:27.000,2025-12-09 10:00:28.000,Variant 3,3,sid-AB394422-8628-4377-B7B8-A25A46935C63,1.0,sid-e383f3a2-1ab6-4a0e-9b02-73baee020cf0,0.0,QBP_DEFAULT_RESOURCE
22,CONFIGURE CLASSIFICATION SYSTEM,Session-000009,2025-12-09 10:00:28.000,2025-12-09 10:00:29.000,Variant 3,3,sid-50D70578-9920-4164-BA4D-ED2DFBC6DFC4,1.0,sid-e383f3a2-1ab6-4a0e-9b02-73baee020cf0,0.0,QBP_DEFAULT_RESOURCE
22,CONFIGURE EVALUATION SYSTEM,Session-000002,2025-12-09 10:00:29.000,2025-12-09 10:00:30.000,Variant 3,3,sid-8AEFBBF0-A454-4978-9B69-49B3851CF601,1.0,sid-e383f3a2-1ab6-4a0e-9b02-73baee020cf0,0.0,QBP_DEFAULT_RESOURCE
22,CONFIGURE CLIENT-SIDE SYSTEMS,Session-000005,2025-12-09 10:00:30.000,2025-12-09 10:00:31.000,Variant 3,3,sid-2A6D8261-8FF9-4B37-A6BF-D919D2DFB69B,1.0,sid-e383f3a2-1ab6-4a0e-9b02-73baee020cf0,0.0,QBP_DEFAULT_RESOURCE
22,END,,2025-12-09 10:00:31.000,2025-12-09 10:00:31.000,Variant 3,3,sid-B3145B77-A916-4A27-82D5-3A1E113A7FC9,,sid-e383f3a2-1ab6-4a0e-9b02-73baee020cf0,,
63,START,,2025-12-09 10:01:03.000,2025-12-09 10:01:03.000,Variant 2,2,sid-7E063660-AF89-4E86-906B-E703580F1C75,,sid-e383f3a2-1ab6-4a0e-9b02-73baee020cf0,,
63,CHECK DATA BALANCING,Session-000007,2025-12-09 10:01:03.000,2025-12-09 10:01:04.000,Variant 2,2,sid-B48DF955-D774-4256-AEB6-099744469155,1.0,sid-e383f3a2-1ab6-4a0e-9b02-73baee020cf0,0.0,QBP_DEFAULT_RESOURCE
63,CONFIGURE INGESTION SYSTEM,Session-000001,2025-12-09 10:01:04.000,2025-12-09 10:01:05.000,Variant 2,2,sid-52FE4380-2098-41C0-BE60-F2DEACC760F5,1.0,sid-e383f3a2-1ab6-4a0e-9b02-73baee020cf0,0.0,QBP_DEFAULT_RESOURCE
63,CONFIGURE PREPARATION SYSTEM,Session-000006,2025-12-09 10:01:05.000,2025-12-09 10:01:06.000,Variant 2,2,sid-C6B14BB8-F42E-43E5-9A7E-0AA34AA52EE6,1.0,sid-e383f3a2-1ab6-4a0e-9b02-73baee020cf0,0.0,QBP_DEFAULT_RESOURCE
63,CONFIGURE SEGREGATION SYSTEM,Session-000001,2025-12-09 10:01:06.000,2025-12-09 10:01:07.000,Variant 2,2,sid-1C9C5582-B583-4832-8DEA-4BDBB1AF9F15,1.0,sid-e383f3a2-1ab6-4a0e-9b02-73baee020cf0,0.0,QBP_DEFAULT_RESOURCE
63,CONFIGURE DEVELOPMENT SYSTEM,Session-000005,2025-12-09 10:01:07.000,2025-12-09 10:01:08.000,Variant 2,2,sid-AB394422-8628-4377-B7B8-A25A46935C63,1.0,sid-e383f3a2-1ab6-4a0e-9b02-73baee020cf0,0.0,QBP_DEFAULT_RESOURCE
63,CONFIGURE CLASSIFICATION SYSTEM,Session-000009,2025-12-09 10:01:08.000,2025-12-09 10:01:09.000,Variant 2,2,sid-50D70578-9920-4164-BA4D-ED2DFBC6DFC4,1.0,sid-e383f3a2-1ab6-4a0e-9b02-73baee020cf0,0.0,QBP_DEFAULT_RESOURCE
63,CONFIGURE EVALUATION SYSTEM,Session-000003,2025-12-09 10:01:09.000,2025-12-09 10:01:10.000,Variant 2,2,sid-8AEFBBF0-A454-4978-9B69-49B3851CF601,1.0,sid-e383f3a2-1ab6-4a0e-9b02-73baee020cf0,0.0,QBP_DEFAULT_RESOURCE
63,CONFIGURE CLIENT-SIDE SYSTEMS,Session-000008,2025-12-09 10:01:10.000,2025-12-09 10:01:11.000,Variant 2,2,sid-2A6D8261-8FF9-4B37-A6BF-D919D2DFB69B,1.0,sid-e383f3a2-1ab6-4a0e-9b02-73baee020cf0,0.0,QBP_DEFAULT_RESOURCE
63,END,,2025-12-09 10:01:11.000,2025-12-09 10:01:11.000,Variant 2,2,sid-B3145B77-A916-4A27-82D5-3A1E113A7FC9,,sid-e383f3a2-1ab6-4a0e-9b02-73baee020cf0,,
65,START,,2025-12-09 10:01:05.000,2025-12-09 10:01:05.000,Variant 2,2,sid-7E063660-AF89-4E86-906B-E703580F1C75,,sid-e383f3a2-1ab6-4a0e-9b02-73baee020cf0,,
65,CHECK DATA BALANCING,Session-000005,2025-12-09 10:01:05.000,2025-12-09 10:01:06.000,Variant 2,2,sid-B48DF955-D774-4256-AEB6-099744469155,1.0,sid-e383f3a2-1ab6-4a0e-9b02-73baee020cf0,0.0,QBP_DEFAULT_RESOURCE
65,CONFIGURE INGESTION SYSTEM,Session-000010,2025-12-09 10:01:06.000,2025-12-09 10:01:07.000,Variant 2,2,sid-52FE4380-2098-41C0-BE60-F2DEACC760F5,1.0,sid-e383f3a2-1ab6-4a0e-9b02-73baee020cf0,0.0,QBP_DEFAULT_RESOURCE
65,CONFIGURE PREPARATION SYSTEM,Session-000004,2025-12-09 10:01:07.000,2025-12-09 10:01:08.000,Variant 2,2,sid-C6B14BB8-F42E-43E5-9A7E-0AA34AA52EE6,1.0,sid-e383f3a2-1ab6-4a0e-9b02-73baee020cf0,0.0,QBP_DEFAULT_RESOURCE
65,CONFIGURE SEGREGATION SYSTEM,Session-000008,2025-12-09 10:01:08.000,2025-12-09 10:01:09.000,Variant 2,2,sid-1C9C5582-B583-4832-8DEA-4BDBB1AF9F15,1.0,sid-e383f3a2-1ab6-4a0e-9b02-73baee020cf0,0.0,QBP_DEFAULT_RESOURCE
65,CONFIGURE DEVELOPMENT SYSTEM,Session-000002,2025-12-09 10:01:09.000,2025-12-09 10:01:10.000,Variant 2,2,sid-AB394422-8628-4377-B7B8-A25A46935C63,1.0,sid-e383f3a2-1ab6-4a0e-9b02-73baee020cf0,0.0,QBP_DEFAULT_RESOURCE
65,CONFIGURE CLASSIFICATION SYSTEM,Session-000007,2025-12-09 10:01:10.000,2025-12-09 10:01:11.000,Variant 2,2,sid-50D70578-9920-4164-BA4D-ED2DFBC6DFC4,1.0,sid-e383f3a2-1ab6-4a0e-9b02-73baee020cf0,0.0,QBP_DEFAULT_RESOURCE
65,CONFIGURE EVALUATION SYSTEM,Session-000001,2025-12-09 10:01:11.000,2025-12-09 10:01:12.000,Variant 2,2,sid-8AEFBBF0-A454-4978-9B69-49B3851CF601,1.0,sid-e383f3a2-1ab6-4a0e-9b02-73baee020cf0,0.0,QBP_DEFAULT_RESOURCE
65,CONFIGURE CLIENT-SIDE SYSTEMS,Session-000005,2025-12-09 10:01:12.000,2025-12-09 10:01:13.000,Variant 2,2,sid-2A6D8261-8FF9-4B37-A6BF-D919D2DFB69B,1.0,sid-e383f3a2-1ab6-4a0e-9b02-73baee020cf0,0.0,QBP_DEFAULT_RESOURCE
65,END,,2025-12-09 10:01:13.000,2025-12-09 10:01:13.000,Variant 2,2,sid-B3145B77-A916-4A27-82D5-3A1E113A7FC9,,sid-e383f3a2-1ab6-4a0e-9b02-73baee020cf0,,
86,START,,2025-12-09 10:01:26.000,2025-12-09 10:01:26.000,Variant 1,1,sid-7E063660-AF89-4E86-906B-E703580F1C75,,sid-e383f3a2-1ab6-4a0e-9b02-73baee020cf0,,
86,END,,2025-12-09 10:01:26.000,2025-12-09 10:01:26.000,Variant 1,1,sid-B3145B77-A916-4A27-82D5-3A1E113A7FC9,,sid-e383f3a2-1ab6-4a0e-9b02-73baee020cf0,,
21,START,,2025-12-09 10:00:21.000,2025-12-09 10:00:21.000,Variant 3,3,sid-7E063660-AF89-4E86-906B-E703580F1C75,,sid-e383f3a2-1ab6-4a0e-9b02-73baee020cf0,,
21,CHECK DATA BALANCING,Session-000006,2025-12-09 10:00:21.000,2025-12-09 10:00:22.000,Variant 3,3,sid-B48DF955-D774-4256-AEB6-099744469155,1.0,sid-e383f3a2-1ab6-4a0e-9b02-73baee020cf0,0.0,QBP_DEFAULT_RESOURCE
21,CHECK COVERAGE,Session-000008,2025-12-09 10:00:22.000,2025-12-09 10:00:23.000,Variant 3,3,sid-84855BE7-4A74-4AA7-A950-22E81A38081C,1.0,sid-e383f3a2-1ab6-4a0e-9b02-73baee020cf0,0.0,QBP_DEFAULT_RESOURCE
21,CONFIGURE INGESTION SYSTEM,Session-000010,2025-12-09 10:00:23.000,2025-12-09 10:00:24.000,Variant 3,3,sid-52FE4380-2098-41C0-BE60-F2DEACC760F5,1.0,sid-e383f3a2-1ab6-4a0e-9b02-73baee020cf0,0.0,QBP_DEFAULT_RESOURCE
21,CONFIGURE PREPARATION SYSTEM,Session-000002,2025-12-09 10:00:24.000,2025-12-09 10:00:25.000,Variant 3,3,sid-C6B14BB8-F42E-43E5-9A7E-0AA34AA52EE6,1.0,sid-e383f3a2-1ab6-4a0e-9b02-73baee020cf0,0.0,QBP_DEFAULT_RESOURCE
21,CONFIGURE SEGREGATION SYSTEM,Session-000004,2025-12-09 10:00:25.000,2025-12-09 10:00:26.000,Variant 3,3,sid-1C9C5582-B583-4832-8DEA-4BDBB1AF9F15,1.0,sid-e383f3a2-1ab6-4a0e-9b02-73baee020cf0,0.0,QBP_DEFAULT_RESOURCE
21,CONFIGURE DEVELOPMENT SYSTEM,Session-000006,2025-12-09 10:00:26.000,2025-12-09 10:00:27.000,Variant 3,3,sid-AB394422-8628-4377-B7B8-A25A46935C63,1.0,sid-e383f3a2-1ab6-4a0e-9b02-73baee020cf0,0.0,QBP_DEFAULT_RESOURCE
21,CONFIGURE CLASSIFICATION SYSTEM,Session-000008,2025-12-09 10:00:27.000,2025-12-09 10:00:28.000,Variant 3,3,sid-50D70578-9920-4164-BA4D-ED2DFBC6DFC4,1.0,sid-e383f3a2-1ab6-4a0e-9b02-73baee020cf0,0.0,QBP_DEFAULT_RESOURCE
21,CONFIGURE EVALUATION SYSTEM,Session-000010,2025-12-09 10:00:28.000,2025-12-09 10:00:29.000,Variant 3,3,sid-8AEFBBF0-A454-4978-9B69-49B3851CF601,1.0,sid-e383f3a2-1ab6-4a0e-9b02-73baee020cf0,0.0,QBP_DEFAULT_RESOURCE
21,CONFIGURE CLIENT-SIDE SYSTEMS,Session-000003,2025-12-09 10:00:29.000,2025-12-09 10:00:30.000,Variant 3,3,sid-2A6D8261-8FF9-4B37-A6BF-D919D2DFB69B,1.0,sid-e383f3a2-1ab6-4a0e-9b02-73baee020cf0,0.0,QBP_DEFAULT_RESOURCE
21,END,,2025-12-09 10:00:30.000,2025-12-09 10:00:30.000,Variant 3,3,sid-B3145B77-A916-4A27-82D5-3A1E113A7FC9,,sid-e383f3a2-1ab6-4a0e-9b02-73baee020cf0,,
64,START,,2025-12-09 10:01:04.000,2025-12-09 10:01:04.000,Variant 1,1,sid-7E063660-AF89-4E86-906B-E703580F1C75,,sid-e383f3a2-1ab6-4a0e-9b02-73baee020cf0,,
64,END,,2025-12-09 10:01:04.000,2025-12-09 10:01:04.000,Variant 1,1,sid-B3145B77-A916-4A27-82D5-3A1E113A7FC9,,sid-e383f3a2-1ab6-4a0e-9b02-73baee020cf0,,
