case,event,startTime,completeTime,Variant,elementId,resourceId,Variant index,resourceCost,processId,Start Timestamp,fixedCost,Resource
0,START,2025/12/09 10:00:00,2025/12/09 10:00:00,Variant 1,sid-7E063660-AF89-4E86-906B-E703580F1C75,,1,,sid-e383f3a2-1ab6-4a0e-9b02-73baee020cf0,2025/12/09 10:00:00,,
0,END,2025/12/09 10:00:00,2025/12/09 10:00:00,Variant 1,sid-B3145B77-A916-4A27-82D5-3A1E113A7FC9,,1,,sid-e383f3a2-1ab6-4a0e-9b02-73baee020cf0,2025/12/09 10:00:00,,
1,START,2025/12/09 10:00:01,2025/12/09 10:00:01,Variant 7,sid-7E063660-AF89-4E86-906B-E703580F1C75,,7,,sid-e383f3a2-1ab6-4a0e-9b02-73baee020cf0,2025/12/09 10:00:01,,
1,CHECK DATA BALANCING,2025/12/09 10:00:02,2025/12/09 10:00:02,Variant 7,sid-B48DF955-D774-4256-AEB6-099744469155,QBP_DEFAULT_RESOURCE,7,0,sid-e383f3a2-1ab6-4a0e-9b02-73baee020cf0,2025/12/09 10:00:01,1,Session-000001
1,CHECK COVERAGE,2025/12/09 10:00:03,2025/12/09 10:00:03,Variant 7,sid-84855BE7-4A74-4AA7-A950-22E81A38081C,QBP_DEFAULT_RESOURCE,7,0,sid-e383f3a2-1ab6-4a0e-9b02-73baee020cf0,2025/12/09 10:00:02,1,Session-000002
1,SET NUMBER OF ITERATIONS,2025/12/09 10:00:04,2025/12/09 10:00:04,Variant 7,sid-7D343CDC-849C-4479-9343-9EF1E02C5042,QBP_DEFAULT_RESOURCE,7,0,sid-e383f3a2-1ab6-4a0e-9b02-73baee020cf0,2025/12/09 10:00:03,1,Session-000003
1,CHECK VALIDATION RESULTS,2025/12/09 10:00:05,2025/12/09 10:00:05,Variant 7,sid-CDCECFDC-6D1A-4D0D-AC63-4678A965EE2D,QBP_DEFAULT_RESOURCE,7,0,sid-e383f3a2-1ab6-4a0e-9b02-73baee020cf0,2025/12/09 10:00:04,1,Session-000004
1,CHECK TEST RESULTS,2025/12/09 10:00:06,2025/12/09 10:00:06,Variant 7,sid-3F3477CA-2154-443D-990D-BA61AA0EEDD2,QBP_DEFAULT_RESOURCE,7,0,sid-e383f3a2-1ab6-4a0e-9b02-73baee020cf0,2025/12/09 10:00:05,1,Session-000006
1,CONFIGURE INGESTION SYSTEM,2025/12/09 10:00:07,2025/12/09 10:00:07,Variant 7,sid-52FE4380-2098-41C0-BE60-F2DEACC760F5,QBP_DEFAULT_RESOURCE,7,0,sid-e383f3a2-1ab6-4a0e-9b02-73baee020cf0,2025/12/09 10:00:06,1,Session-000009
1,CONFIGURE PREPARATION SYSTEM,2025/12/09 10:00:08,2025/12/09 10:00:08,Variant 7,sid-C6B14BB8-F42E-43E5-9A7E-0AA34AA52EE6,QBP_DEFAULT_RESOURCE,7,0,sid-e383f3a2-1ab6-4a0e-9b02-73baee020cf0,2025/12/09 10:00:07,1,Session-000003
1,CONFIGURE SEGREGATION SYSTEM,2025/12/09 10:00:09,2025/12/09 10:00:09,Variant 7,sid-1C9C5582-B583-4832-8DEA-4BDBB1AF9F15,QBP_DEFAULT_RESOURCE,7,0,sid-e383f3a2-1ab6-4a0e-9b02-73baee020cf0,2025/12/09 10:00:08,1,Session-000007
1,CONFIGURE DEVELOPMENT SYSTEM,2025/12/09 10:00:10,2025/12/09 10:00:10,Variant 7,sid-AB394422-8628-4377-B7B8-A25A46935C63,QBP_DEFAULT_RESOURCE,7,0,sid-e383f3a2-1ab6-4a0e-9b02-73baee020cf0,2025/12/09 10:00:09,1,Session-000001
1,CONFIGURE CLASSIFICATION SYSTEM,2025/12/09 10:00:11,2025/12/09 10:00:11,Variant 7,sid-50D70578-9920-4164-BA4D-ED2DFBC6DFC4,QBP_DEFAULT_RESOURCE,7,0,sid-e383f3a2-1ab6-4a0e-9b02-73baee020cf0,2025/12/09 10:00:10,1,Session-000006
1,CONFIGURE EVALUATION SYSTEM,2025/12/09 10:00:12,2025/12/09 10:00:12,Variant 7,sid-8AEFBBF0-A454-4978-9B69-49B3851CF601,QBP_DEFAULT_RESOURCE,7,0,sid-e383f3a2-1ab6-4a0e-9b02-73baee020cf0,2025/12/09 10:00:11,1,Session-000002
1,CONFIGURE CLIENT-SIDE SYSTEMS,2025/12/09 10:00:13,2025/12/09 10:00:13,Variant 7,sid-2A6D8261-8FF9-4B37-A6BF-D919D2DFB69B,QBP_DEFAULT_RESOURCE,7,0,sid-e383f3a2-1ab6-4a0e-9b02-73baee020cf0,2025/12/09 10:00:12,1,Session-000009
1,END,2025/12/09 10:00:13,2025/12/09 10:00:13,Variant 7,sid-B3145B77-A916-4A27-82D5-3A1E113A7FC9,QBP_DEFAULT_RESOURCE,7,0,sid-e383f3a2-1ab6-4a0e-9b02-73baee020cf0,2025/12/09 10:00:13,1,Session-000009
10,START,2025/12/09 10:00:10,2025/12/09 10:00:10,Variant 2,sid-7E063660-AF89-4E86-906B-E703580F1C75,,2,,sid-e383f3a2-1ab6-4a0e-9b02-73baee020cf0,2025/12/09 10:00:10,,
10,CHECK DATA BALANCING,2025/12/09 10:00:11,2025/12/09 10:00:11,Variant 2,sid-B48DF955-D774-4256-AEB6-099744469155,QBP_DEFAULT_RESOURCE,2,0,sid-e383f3a2-1ab6-4a0e-9b02-73baee020cf0,2025/12/09 10:00:10,1,Session-000002
10,CONFIGURE INGESTION SYSTEM,2025/12/09 10:00:12,2025/12/09 10:00:12,Variant 2,sid-52FE4380-2098-41C0-BE60-F2DEACC760F5,QBP_DEFAULT_RESOURCE,2,0,sid-e383f3a2-1ab6-4a0e-9b02-73baee020cf0,2025/12/09 10:00:11,1,Session-000008
10,CONFIGURE PREPARATION SYSTEM,2025/12/09 10:00:13,2025/12/09 10:00:13,Variant 2,sid-C6B14BB8-F42E-43E5-9A7E-0AA34AA52EE6,QBP_DEFAULT_RESOURCE,2,0,sid-e383f3a2-1ab6-4a0e-9b02-73baee020cf0,2025/12/09 10:00:12,1,Session-000005
10,CONFIGURE SEGREGATION SYSTEM,2025/12/09 10:00:14,2025/12/09 10:00:14,Variant 2,sid-1C9C5582-B583-4832-8DEA-4BDBB1AF9F15,QBP_DEFAULT_RESOURCE,2,0,sid-e383f3a2-1ab6-4a0e-9b02-73baee020cf0,2025/12/09 10:00:13,1,Session-000001
10,CONFIGURE DEVELOPMENT SYSTEM,2025/12/09 10:00:15,2025/12/09 10:00:15,Variant 2,sid-AB394422-8628-4377-B7B8-A25A46935C63,QBP_DEFAULT_RESOURCE,2,0,sid-e383f3a2-1ab6-4a0e-9b02-73baee020cf0,2025/12/09 10:00:14,1,Session-000006
10,CONFIGURE CLASSIFICATION SYSTEM,2025/12/09 10:00:16,2025/12/09 10:00:16,Variant 2,sid-50D70578-9920-4164-BA4D-ED2DFBC6DFC4,QBP_DEFAULT_RESOURCE,2,0,sid-e383f3a2-1ab6-4a0e-9b02-73baee020cf0,2025/12/09 10:00:15,1,Session-000010
10,CONFIGURE EVALUATION SYSTEM,2025/12/09 10:00:17,2025/12/09 10:00:17,Variant 2,sid-8AEFBBF0-A454-4978-9B69-49B3851CF601,QBP_DEFAULT_RESOURCE,2,0,sid-e383f3a2-1ab6-4a0e-9b02-73baee020cf0,2025/12/09 10:00:16,1,Session-000002
10,CONFIGURE CLIENT-SIDE SYSTEMS,2025/12/09 10:00:18,2025/12/09 10:00:18,Variant 2,sid-2A6D8261-8FF9-4B37-A6BF-D919D2DFB69B,QBP_DEFAULT_RESOURCE,2,0,sid-e383f3a2-1ab6-4a0e-9b02-73baee020cf0,2025/12/09 10:00:17,1,Session-000004
10,END,2025/12/09 10:00:18,2025/12/09 10:00:18,Variant 2,sid-B3145B77-A916-4A27-82D5-3A1E113A7FC9,QBP_DEFAULT_RESOURCE,2,0,sid-e383f3a2-1ab6-4a0e-9b02-73baee020cf0,2025/12/09 10:00:18,1,Session-000004
11,START,2025/12/09 10:00:11,2025/12/09 10:00:11,Variant 5,sid-7E063660-AF89-4E86-906B-E703580F1C75,,5,,sid-e383f3a2-1ab6-4a0e-9b02-73baee020cf0,2025/12/09 10:00:11,,
11,EVALUATE CLASSIFIER,2025/12/09 10:00:12,2025/12/09 10:00:12,Variant 5,sid-3F9FCBD8-DDC3-4B0E-83B6-1C5C1C3EAA41,QBP_DEFAULT_RESOURCE,5,0,sid-e383f3a2-1ab6-4a0e-9b02-73baee020cf0,2025/12/09 10:00:11,1,Session-000007
11,CONFIGURE INGESTION SYSTEM,2025/12/09 10:00:13,2025/12/09 10:00:13,Variant 5,sid-52FE4380-2098-41C0-BE60-F2DEACC760F5,QBP_DEFAULT_RESOURCE,5,0,sid-e383f3a2-1ab6-4a0e-9b02-73baee020cf0,2025/12/09 10:00:12,1,Session-000004
11,CONFIGURE PREPARATION SYSTEM,2025/12/09 10:00:14,2025/12/09 10:00:14,Variant 5,sid-C6B14BB8-F42E-43E5-9A7E-0AA34AA52EE6,QBP_DEFAULT_RESOURCE,5,0,sid-e383f3a2-1ab6-4a0e-9b02-73baee020cf0,2025/12/09 10:00:13,1,Session-000010
11,CONFIGURE SEGREGATION SYSTEM,2025/12/09 10:00:15,2025/12/09 10:00:15,Variant 5,sid-1C9C5582-B583-4832-8DEA-4BDBB1AF9F15,QBP_DEFAULT_RESOURCE,5,0,sid-e383f3a2-1ab6-4a0e-9b02-73baee020cf0,2025/12/09 10:00:14,1,Session-000005
11,CONFIGURE DEVELOPMENT SYSTEM,2025/12/09 10:00:16,2025/12/09 10:00:16,Variant 5,sid-AB394422-8628-4377-B7B8-A25A46935C63,QBP_DEFAULT_RESOURCE,5,0,sid-e383f3a2-1ab6-4a0e-9b02-73baee020cf0,2025/12/09 10:00:15,1,Session-000009
11,CONFIGURE CLASSIFICATION SYSTEM,2025/12/09 10:00:17,2025/12/09 10:00:17,Variant 5,sid-50D70578-9920-4164-BA4D-ED2DFBC6DFC4,QBP_DEFAULT_RESOURCE,5,0,sid-e383f3a2-1ab6-4a0e-9b02-73baee020cf0,2025/12/09 10:00:16,1,Session-000001
11,CONFIGURE EVALUATION SYSTEM,2025/12/09 10:00:18,2025/12/09 10:00:18,Variant 5,sid-8AEFBBF0-A454-4978-9B69-49B3851CF601,QBP_DEFAULT_RESOURCE,5,0,sid-e383f3a2-1ab6-4a0e-9b02-73baee020cf0,2025/12/09 10:00:17,1,Session-000003
11,CONFIGURE CLIENT-SIDE SYSTEMS,2025/12/09 10:00:19,2025/12/09 10:00:19,Variant 5,sid-2A6D8261-8FF9-4B37-A6BF-D919D2DFB69B,QBP_DEFAULT_RESOURCE,5,0,sid-e383f3a2-1ab6-4a0e-9b02-73baee020cf0,2025/12/09 10:00:18,1,Session-000005
11,END,2025/12/09 10:00:19,2025/12/09 10:00:19,Variant 5,sid-B3145B77-A916-4A27-82D5-3A1E113A7FC9,QBP_DEFAULT_RESOURCE,5,0,sid-e383f3a2-1ab6-4a0e-9b02-73baee020cf0,2025/12/09 10:00:19,1,Session-000005
12,START,2025/12/09 10:00:12,2025/12/09 10:00:12,Variant 4,sid-7E063660-AF89-4E86-906B-E703580F1C75,,4,,sid-e383f3a2-1ab6-4a0e-9b02-73baee020cf0,2025/12/09 10:00:12,,
12,EVALUATE CLASSIFIER,2025/12/09 10:00:13,2025/12/09 10:00:13,Variant 4,sid-3F9FCBD8-DDC3-4B0E-83B6-1C5C1C3EAA41,QBP_DEFAULT_RESOURCE,4,0,sid-e383f3a2-1ab6-4a0e-9b02-73baee020cf0,2025/12/09 10:00:12,1,Session-000003
12,END,2025/12/09 10:00:13,2025/12/09 10:00:13,Variant 4,sid-B3145B77-A916-4A27-82D5-3A1E113A7FC9,QBP_DEFAULT_RESOURCE,4,0,sid-e383f3a2-1ab6-4a0e-9b02-73baee020cf0,2025/12/09 10:00:13,1,Session-000003
13,START,2025/12/09 10:00:13,2025/12/09 10:00:13,Variant 1,sid-7E063660-AF89-4E86-906B-E703580F1C75,,1,,sid-e383f3a2-1ab6-4a0e-9b02-73baee020cf0,2025/12/09 10:00:13,,
13,END,2025/12/09 10:00:13,2025/12/09 10:00:13,Variant 1,sid-B3145B77-A916-4A27-82D5-3A1E113A7FC9,,1,,sid-e383f3a2-1ab6-4a0e-9b02-73baee020cf0,2025/12/09 10:00:13,,
14,START,2025/12/09 10:00:14,2025/12/09 10:00:14,Variant 1,sid-7E063660-AF89-4E86-906B-E703580F1C75,,1,,sid-e383f3a2-1ab6-4a0e-9b02-73baee020cf0,2025/12/09 10:00:14,,
14,END,2025/12/09 10:00:14,2025/12/09 10:00:14,Variant 1,sid-B3145B77-A916-4A27-82D5-3A1E113A7FC9,,1,,sid-e383f3a2-1ab6-4a0e-9b02-73baee020cf0,2025/12/09 10:00:14,,
15,START,2025/12/09 10:00:15,2025/12/09 10:00:15,Variant 1,sid-7E063660-AF89-4E86-906B-E703580F1C75,,1,,sid-e383f3a2-1ab6-4a0e-9b02-73baee020cf0,2025/12/09 10:00:15,,
15,END,2025/12/09 10:00:15,2025/12/09 10:00:15,Variant 1,sid-B3145B77-A916-4A27-82D5-3A1E113A7FC9,,1,,sid-e383f3a2-1ab6-4a0e-9b02-73baee020cf0,2025/12/09 10:00:15,,
16,START,2025/12/09 10:00:16,2025/12/09 10:00:16,Variant 1,sid-7E063660-AF89-4E86-906B-E703580F1C75,,1,,sid-e383f3a2-1ab6-4a0e-9b02-73baee020cf0,2025/12/09 10:00:16,,
16,END,2025/12/09 10:00:16,2025/12/09 10:00:16,Variant 1,sid-B3145B77-A916-4A27-82D5-3A1E113A7FC9,,1,,sid-e383f3a2-1ab6-4a0e-9b02-73baee020cf0,2025/12/09 10:00:16,,
17,START,2025/12/09 10:00:17,2025/12/09 10:00:17,Variant 1,sid-7E063660-AF89-4E86-906B-E703580F1C75,,1,,sid-e383f3a2-1ab6-4a0e-9b02-73baee020cf0,2025/12/09 10:00:17,,
17,END,2025/12/09 10:00:17,2025/12/09 10:00:17,Variant 1,sid-B3145B77-A916-4A27-82D5-3A1E113A7FC9,,1,,sid-e383f3a2-1ab6-4a0e-9b02-73baee020cf0,2025/12/09 10:00:17,,
18,START,2025/12/09 10:00:18,2025/12/09 10:00:18,Variant 1,sid-7E063660-AF89-4E86-906B-E703580F1C75,,1,,sid-e383f3a2-1ab6-4a0e-9b02-73baee020cf0,2025/12/09 10:00:18,,
18,END,2025/12/09 10:00:18,2025/12/09 10:00:18,Variant 1,sid-B3145B77-A916-4A27-82D5-3A1E113A7FC9,,1,,sid-e383f3a2-1ab6-4a0e-9b02-73baee020cf0,2025/12/09 10:00:18,,
19,START,2025/12/09 10:00:19,2025/12/09 10:00:19,Variant 1,sid-7E063660-AF89-4E86-906B-E703580F1C75,,1,,sid-e383f3a2-1ab6-4a0e-9b02-73baee020cf0,2025/12/09 10:00:19,,
19,END,2025/12/09 10:00:19,2025/12/09 10:00:19,Variant 1,sid-B3145B77-A916-4A27-82D5-3A1E113A7FC9,,1,,sid-e383f3a2-1ab6-4a0e-9b02-73baee020cf0,2025/12/09 10:00:19,,
2,START,2025/12/09 10:00:02,2025/12/09 10:00:02,Variant 1,sid-7E063660-AF89-4E86-906B-E703580F1C75,,1,,sid-e383f3a2-1ab6-4a0e-9b02-73baee020cf0,2025/12/09 10:00:02,,
2,END,2025/12/09 10:00:02,2025/12/09 10:00:02,Variant 1,sid-B3145B77-A916-4A27-82D5-3A1E113A7FC9,,1,,sid-e383f3a2-1ab6-4a0e-9b02-73baee020cf0,2025/12/09 10:00:02,,
20,START,2025/12/09 10:00:20,2025/12/09 10:00:20,Variant 1,sid-7E063660-AF89-4E86-906B-E703580F1C75,,1,,sid-e383f3a2-1ab6-4a0e-9b02-73baee020cf0,2025/12/09 10:00:20,,
20,END,2025/12/09 10:00:20,2025/12/09 10:00:20,Variant 1,sid-B3145B77-A916-4A27-82D5-3A1E113A7FC9,,1,,sid-e383f3a2-1ab6-4a0e-9b02-73baee020cf0,2025/12/09 10:00:20,,
21,START,2025/12/09 10:00:21,2025/12/09 10:00:21,Variant 3,sid-7E063660-AF89-4E86-906B-E703580F1C75,,3,,sid-e383f3a2-1ab6-4a0e-9b02-73baee020cf0,2025/12/09 10:00:21,,
21,CONFIGURE INGESTION SYSTEM,2025/12/09 10:00:24,2025/12/09 10:00:24,Variant 3,sid-52FE4380-2098-41C0-BE60-F2DEACC760F5,QBP_DEFAULT_RESOURCE,3,0,sid-e383f3a2-1ab6-4a0e-9b02-73baee020cf0,2025/12/09 10:00:23,1,Session-000010
21,CONFIGURE PREPARATION SYSTEM,2025/12/09 10:00:25,2025/12/09 10:00:25,Variant 3,sid-C6B14BB8-F42E-43E5-9A7E-0AA34AA52EE6,QBP_DEFAULT_RESOURCE,3,0,sid-e383f3a2-1ab6-4a0e-9b02-73baee020cf0,2025/12/09 10:00:24,1,Session-000002
21,CONFIGURE SEGREGATION SYSTEM,2025/12/09 10:00:26,2025/12/09 10:00:26,Variant 3,sid-1C9C5582-B583-4832-8DEA-4BDBB1AF9F15,QBP_DEFAULT_RESOURCE,3,0,sid-e383f3a2-1ab6-4a0e-9b02-73baee020cf0,2025/12/09 10:00:25,1,Session-000004
21,CONFIGURE DEVELOPMENT SYSTEM,2025/12/09 10:00:27,2025/12/09 10:00:27,Variant 3,sid-AB394422-8628-4377-B7B8-A25A46935C63,QBP_DEFAULT_RESOURCE,3,0,sid-e383f3a2-1ab6-4a0e-9b02-73baee020cf0,2025/12/09 10:00:26,1,Session-000006
21,CONFIGURE CLASSIFICATION SYSTEM,2025/12/09 10:00:28,2025/12/09 10:00:28,Variant 3,sid-50D70578-9920-4164-BA4D-ED2DFBC6DFC4,QBP_DEFAULT_RESOURCE,3,0,sid-e383f3a2-1ab6-4a0e-9b02-73baee020cf0,2025/12/09 10:00:27,1,Session-000008
21,CONFIGURE EVALUATION SYSTEM,2025/12/09 10:00:29,2025/12/09 10:00:29,Variant 3,sid-8AEFBBF0-A454-4978-9B69-49B3851CF601,QBP_DEFAULT_RESOURCE,3,0,sid-e383f3a2-1ab6-4a0e-9b02-73baee020cf0,2025/12/09 10:00:28,1,Session-000010
21,CONFIGURE CLIENT-SIDE SYSTEMS,2025/12/09 10:00:30,2025/12/09 10:00:30,Variant 3,sid-2A6D8261-8FF9-4B37-A6BF-D919D2DFB69B,QBP_DEFAULT_RESOURCE,3,0,sid-e383f3a2-1ab6-4a0e-9b02-73baee020cf0,2025/12/09 10:00:29,1,Session-000003
21,END,2025/12/09 10:00:30,2025/12/09 10:00:30,Variant 3,sid-B3145B77-A916-4A27-82D5-3A1E113A7FC9,QBP_DEFAULT_RESOURCE,3,0,sid-e383f3a2-1ab6-4a0e-9b02-73baee020cf0,2025/12/09 10:00:30,1,Session-000003
22,START,2025/12/09 10:00:22,2025/12/09 10:00:22,Variant 3,sid-7E063660-AF89-4E86-906B-E703580F1C75,,3,,sid-e383f3a2-1ab6-4a0e-9b02-73baee020cf0,2025/12/09 10:00:22,,
22,CHECK DATA BALANCING,2025/12/09 10:00:23,2025/12/09 10:00:23,Variant 3,sid-B48DF955-D774-4256-AEB6-099744469155,QBP_DEFAULT_RESOURCE,3,0,sid-e383f3a2-1ab6-4a0e-9b02-73baee020cf0,2025/12/09 10:00:22,1,Session-000007
22,CHECK COVERAGE,2025/12/09 10:00:24,2025/12/09 10:00:24,Variant 3,sid-84855BE7-4A74-4AA7-A950-22E81A38081C,QBP_DEFAULT_RESOURCE,3,0,sid-e383f3a2-1ab6-4a0e-9b02-73baee020cf0,2025/12/09 10:00:23,1,Session-000009
22,CONFIGURE INGESTION SYSTEM,2025/12/09 10:00:25,2025/12/09 10:00:25,Variant 3,sid-52FE4380-2098-41C0-BE60-F2DEACC760F5,QBP_DEFAULT_RESOURCE,3,0,sid-e383f3a2-1ab6-4a0e-9b02-73baee020cf0,2025/12/09 10:00:24,1,Session-000001
22,CONFIGURE PREPARATION SYSTEM,2025/12/09 10:00:26,2025/12/09 10:00:26,Variant 3,sid-C6B14BB8-F42E-43E5-9A7E-0AA34AA52EE6,QBP_DEFAULT_RESOURCE,3,0,sid-e383f3a2-1ab6-4a0e-9b02-73baee020cf0,2025/12/09 10:00:25,1,Session-000003
22,CONFIGURE SEGREGATION SYSTEM,2025/12/09 10:00:27,2025/12/09 10:00:27,Variant 3,sid-1C9C5582-B583-4832-8DEA-4BDBB1AF9F15,QBP_DEFAULT_RESOURCE,3,0,sid-e383f3a2-1ab6-4a0e-9b02-73baee020cf0,2025/12/09 10:00:26,1,Session-000005
22,CONFIGURE DEVELOPMENT SYSTEM,2025/12/09 10:00:28,2025/12/09 10:00:28,Variant 3,sid-AB394422-8628-4377-B7B8-A25A46935C63,QBP_DEFAULT_RESOURCE,3,0,sid-e383f3a2-1ab6-4a0e-9b02-73baee020cf0,2025/12/09 10:00:27,1,Session-000007
22,CONFIGURE CLASSIFICATION SYSTEM,2025/12/09 10:00:29,2025/12/09 10:00:29,Variant 3,sid-50D70578-9920-4164-BA4D-ED2DFBC6DFC4,QBP_DEFAULT_RESOURCE,3,0,sid-e383f3a2-1ab6-4a0e-9b02-73baee020cf0,2025/12/09 10:00:28,1,Session-000009
22,CONFIGURE EVALUATION SYSTEM,2025/12/09 10:00:30,2025/12/09 10:00:30,Variant 3,sid-8AEFBBF0-A454-4978-9B69-49B3851CF601,QBP_DEFAULT_RESOURCE,3,0,sid-e383f3a2-1ab6-4a0e-9b02-73baee020cf0,2025/12/09 10:00:29,1,Session-000002
22,CONFIGURE CLIENT-SIDE SYSTEMS,2025/12/09 10:00:31,2025/12/09 10:00:31,Variant 3,sid-2A6D8261-8FF9-4B37-A6BF-D919D2DFB69B,QBP_DEFAULT_RESOURCE,3,0,sid-e383f3a2-1ab6-4a0e-9b02-73baee020cf0,2025/12/09 10:00:30,1,Session-000005
22,END,2025/12/09 10:00:31,2025/12/09 10:00:31,Variant 3,sid-B3145B77-A916-4A27-82D5-3A1E113A7FC9,QBP_DEFAULT_RESOURCE,3,0,sid-e383f3a2-1ab6-4a0e-9b02-73baee020cf0,2025/12/09 10:00:31,1,Session-000005
23,START,2025/12/09 10:00:23,2025/12/09 10:00:23,Variant 1,sid-7E063660-AF89-4E86-906B-E703580F1C75,,1,,sid-e383f3a2-1ab6-4a0e-9b02-73baee020cf0,2025/12/09 10:00:23,,
23,END,2025/12/09 10:00:23,2025/12/09 10:00:23,Variant 1,sid-B3145B77-A916-4A27-82D5-3A1E113A7FC9,,1,,sid-e383f3a2-1ab6-4a0e-9b02-73baee020cf0,2025/12/09 10:00:23,,
24,START,2025/12/09 10:00:24,2025/12/09 10:00:24,Variant 1,sid-7E063660-AF89-4E86-906B-E703580F1C75,,1,,sid-e383f3a2-1ab6-4a0e-9b02-73baee020cf0,2025/12/09 10:00:24,,
24,END,2025/12/09 10:00:24,2025/12/09 10:00:24,Variant 1,sid-B3145B77-A916-4A27-82D5-3A1E113A7FC9,,1,,sid-e383f3a2-1ab6-4a0e-9b02-73baee020cf0,2025/12/09 10:00:24,,
25,START,2025/12/09 10:00:25,2025/12/09 10:00:25,Variant 1,sid-7E063660-AF89-4E86-906B-E703580F1C75,,1,,sid-e383f3a2-1ab6-4a0e-9b02-73baee020cf0,2025/12/09 10:00:25,,
25,END,2025/12/09 10:00:25,2025/12/09 10:00:25,Variant 1,sid-B3145B77-A916-4A27-82D5-3A1E113A7FC9,,1,,sid-e383f3a2-1ab6-4a0e-9b02-73baee020cf0,2025/12/09 10:00:25,,
26,START,2025/12/09 10:00:26,2025/12/09 10:00:26,Variant 1,sid-7E063660-AF89-4E86-906B-E703580F1C75,,1,,sid-e383f3a2-1ab6-4a0e-9b02-73baee020cf0,2025/12/09 10:00:26,,
26,END,2025/12/09 10:00:26,2025/12/09 10:00:26,Variant 1,sid-B3145B77-A916-4A27-82D5-3A1E113A7FC9,,1,,sid-e383f3a2-1ab6-4a0e-9b02-73baee020cf0,2025/12/09 10:00:26,,
27,START,2025/12/09 10:00:27,2025/12/09 10:00:27,Variant 1,sid-7E063660-AF89-4E86-906B-E703580F1C75,,1,,sid-e383f3a2-1ab6-4a0e-9b02-73baee020cf0,2025/12/09 10:00:27,,
27,END,2025/12/09 10:00:27,2025/12/09 10:00:27,Variant 1,sid-B3145B77-A916-4A27-82D5-3A1E113A7FC9,,1,,sid-e383f3a2-1ab6-4a0e-9b02-73baee020cf0,2025/12/09 10:00:27,,
28,START,2025/12/09 10:00:28,2025/12/09 10:00:28,Variant 1,sid-7E063660-AF89-4E86-906B-E703580F1C75,,1,,sid-e383f3a2-1ab6-4a0e-9b02-73baee020cf0,2025/12/09 10:00:28,,
28,END,2025/12/09 10:00:28,2025/12/09 10:00:28,Variant 1,sid-B3145B77-A916-4A27-82D5-3A1E113A7FC9,,1,,sid-e383f3a2-1ab6-4a0e-9b02-73baee020cf0,2025/12/09 10:00:28,,
29,START,2025/12/09 10:00:29,2025/12/09 10:00:29,Variant 5,sid-7E063660-AF89-4E86-906B-E703580F1C75,,5,,sid-e383f3a2-1ab6-4a0e-9b02-73baee020cf0,2025/12/09 10:00:29,,
29,EVALUATE CLASSIFIER,2025/12/09 10:00:30,2025/12/09 10:00:30,Variant 5,sid-3F9FCBD8-DDC3-4B0E-83B6-1C5C1C3EAA41,QBP_DEFAULT_RESOURCE,5,0,sid-e383f3a2-1ab6-4a0e-9b02-73baee020cf0,2025/12/09 10:00:29,1,Session-000001
29,CONFIGURE INGESTION SYSTEM,2025/12/09 10:00:31,2025/12/09 10:00:31,Variant 5,sid-52FE4380-2098-41C0-BE60-F2DEACC760F5,QBP_DEFAULT_RESOURCE,5,0,sid-e383f3a2-1ab6-4a0e-9b02-73baee020cf0,2025/12/09 10:00:30,1,Session-000004
29,CONFIGURE PREPARATION SYSTEM,2025/12/09 10:00:32,2025/12/09 10:00:32,Variant 5,sid-C6B14BB8-F42E-43E5-9A7E-0AA34AA52EE6,QBP_DEFAULT_RESOURCE,5,0,sid-e383f3a2-1ab6-4a0e-9b02-73baee020cf0,2025/12/09 10:00:31,1,Session-000007
29,CONFIGURE SEGREGATION SYSTEM,2025/12/09 10:00:33,2025/12/09 10:00:33,Variant 5,sid-1C9C5582-B583-4832-8DEA-4BDBB1AF9F15,QBP_DEFAULT_RESOURCE,5,0,sid-e383f3a2-1ab6-4a0e-9b02-73baee020cf0,2025/12/09 10:00:32,1,Session-000008
29,CONFIGURE DEVELOPMENT SYSTEM,2025/12/09 10:00:34,2025/12/09 10:00:34,Variant 5,sid-AB394422-8628-4377-B7B8-A25A46935C63,QBP_DEFAULT_RESOURCE,5,0,sid-e383f3a2-1ab6-4a0e-9b02-73baee020cf0,2025/12/09 10:00:33,1,Session-000010
29,CONFIGURE CLASSIFICATION SYSTEM,2025/12/09 10:00:35,2025/12/09 10:00:35,Variant 5,sid-50D70578-9920-4164-BA4D-ED2DFBC6DFC4,QBP_DEFAULT_RESOURCE,5,0,sid-e383f3a2-1ab6-4a0e-9b02-73baee020cf0,2025/12/09 10:00:34,1,Session-000002
29,CONFIGURE EVALUATION SYSTEM,2025/12/09 10:00:36,2025/12/09 10:00:36,Variant 5,sid-8AEFBBF0-A454-4978-9B69-49B3851CF601,QBP_DEFAULT_RESOURCE,5,0,sid-e383f3a2-1ab6-4a0e-9b02-73baee020cf0,2025/12/09 10:00:35,1,Session-000005
29,CONFIGURE CLIENT-SIDE SYSTEMS,2025/12/09 10:00:37,2025/12/09 10:00:37,Variant 5,sid-2A6D8261-8FF9-4B37-A6BF-D919D2DFB69B,QBP_DEFAULT_RESOURCE,5,0,sid-e383f3a2-1ab6-4a0e-9b02-73baee020cf0,2025/12/09 10:00:36,1,Session-000008
29,END,2025/12/09 10:00:37,2025/12/09 10:00:37,Variant 5,sid-B3145B77-A916-4A27-82D5-3A1E113A7FC9,QBP_DEFAULT_RESOURCE,5,0,sid-e383f3a2-1ab6-4a0e-9b02-73baee020cf0,2025/12/09 10:00:37,1,Session-000008
3,START,2025/12/09 10:00:03,2025/12/09 10:00:03,Variant 1,sid-7E063660-AF89-4E86-906B-E703580F1C75,,1,,sid-e383f3a2-1ab6-4a0e-9b02-73baee020cf0,2025/12/09 10:00:03,,
3,END,2025/12/09 10:00:03,2025/12/09 10:00:03,Variant 1,sid-B3145B77-A916-4A27-82D5-3A1E113A7FC9,,1,,sid-e383f3a2-1ab6-4a0e-9b02-73baee020cf0,2025/12/09 10:00:03,,
30,START,2025/12/09 10:00:30,2025/12/09 10:00:30,Variant 1,sid-7E063660-AF89-4E86-906B-E703580F1C75,,1,,sid-e383f3a2-1ab6-4a0e-9b02-73baee020cf0,2025/12/09 10:00:30,,
30,END,2025/12/09 10:00:30,2025/12/09 10:00:30,Variant 1,sid-B3145B77-A916-4A27-82D5-3A1E113A7FC9,,1,,sid-e383f3a2-1ab6-4a0e-9b02-73baee020cf0,2025/12/09 10:00:30,,
31,START,2025/12/09 10:00:31,2025/12/09 10:00:31,Variant 4,sid-7E063660-AF89-4E86-906B-E703580F1C75,,4,,sid-e383f3a2-1ab6-4a0e-9b02-73baee020cf0,2025/12/09 10:00:31,,
31,EVALUATE CLASSIFIER,2025/12/09 10:00:32,2025/12/09 10:00:32,Variant 4,sid-3F9FCBD8-DDC3-4B0E-83B6-1C5C1C3EAA41,QBP_DEFAULT_RESOURCE,4,0,sid-e383f3a2-1ab6-4a0e-9b02-73baee020cf0,2025/12/09 10:00:31,1,Session-000006
31,END,2025/12/09 10:00:32,2025/12/09 10:00:32,Variant 4,sid-B3145B77-A916-4A27-82D5-3A1E113A7FC9,QBP_DEFAULT_RESOURCE,4,0,sid-e383f3a2-1ab6-4a0e-9b02-73baee020cf0,2025/12/09 10:00:32,1,Session-000006
32,START,2025/12/09 10:00:32,2025/12/09 10:00:32,Variant 1,sid-7E063660-AF89-4E86-906B-E703580F1C75,,1,,sid-e383f3a2-1ab6-4a0e-9b02-73baee020cf0,2025/12/09 10:00:32,,
32,END,2025/12/09 10:00:32,2025/12/09 10:00:32,Variant 1,sid-B3145B77-A916-4A27-82D5-3A1E113A7FC9,,1,,sid-e383f3a2-1ab6-4a0e-9b02-73baee020cf0,2025/12/09 10:00:32,,
33,START,2025/12/09 10:00:33,2025/12/09 10:00:33,Variant 2,sid-7E063660-AF89-4E86-906B-E703580F1C75,,2,,sid-e383f3a2-1ab6-4a0e-9b02-73baee020cf0,2025/12/09 10:00:33,,
33,CONFIGURE INGESTION SYSTEM,2025/12/09 10:00:35,2025/12/09 10:00:35,Variant 2,sid-52FE4380-2098-41C0-BE60-F2DEACC760F5,QBP_DEFAULT_RESOURCE,2,0,sid-e383f3a2-1ab6-4a0e-9b02-73baee020cf0,2025/12/09 10:00:34,1,Session-000001
33,CONFIGURE PREPARATION SYSTEM,2025/12/09 10:00:36,2025/12/09 10:00:36,Variant 2,sid-C6B14BB8-F42E-43E5-9A7E-0AA34AA52EE6,QBP_DEFAULT_RESOURCE,2,0,sid-e383f3a2-1ab6-4a0e-9b02-73baee020cf0,2025/12/09 10:00:35,1,Session-000004
33,CONFIGURE SEGREGATION SYSTEM,2025/12/09 10:00:37,2025/12/09 10:00:37,Variant 2,sid-1C9C5582-B583-4832-8DEA-4BDBB1AF9F15,QBP_DEFAULT_RESOURCE,2,0,sid-e383f3a2-1ab6-4a0e-9b02-73baee020cf0,2025/12/09 10:00:36,1,Session-000007
33,CONFIGURE DEVELOPMENT SYSTEM,2025/12/09 10:00:38,2025/12/09 10:00:38,Variant 2,sid-AB394422-8628-4377-B7B8-A25A46935C63,QBP_DEFAULT_RESOURCE,2,0,sid-e383f3a2-1ab6-4a0e-9b02-73baee020cf0,2025/12/09 10:00:37,1,Session-000010
33,CONFIGURE CLASSIFICATION SYSTEM,2025/12/09 10:00:39,2025/12/09 10:00:39,Variant 2,sid-50D70578-9920-4164-BA4D-ED2DFBC6DFC4,QBP_DEFAULT_RESOURCE,2,0,sid-e383f3a2-1ab6-4a0e-9b02-73baee020cf0,2025/12/09 10:00:38,1,Session-000002
33,CONFIGURE EVALUATION SYSTEM,2025/12/09 10:00:40,2025/12/09 10:00:40,Variant 2,sid-8AEFBBF0-A454-4978-9B69-49B3851CF601,QBP_DEFAULT_RESOURCE,2,0,sid-e383f3a2-1ab6-4a0e-9b02-73baee020cf0,2025/12/09 10:00:39,1,Session-000005
33,CONFIGURE CLIENT-SIDE SYSTEMS,2025/12/09 10:00:41,2025/12/09 10:00:41,Variant 2,sid-2A6D8261-8FF9-4B37-A6BF-D919D2DFB69B,QBP_DEFAULT_RESOURCE,2,0,sid-e383f3a2-1ab6-4a0e-9b02-73baee020cf0,2025/12/09 10:00:40,1,Session-000008
33,END,2025/12/09 10:00:41,2025/12/09 10:00:41,Variant 2,sid-B3145B77-A916-4A27-82D5-3A1E113A7FC9,QBP_DEFAULT_RESOURCE,2,0,sid-e383f3a2-1ab6-4a0e-9b02-73baee020cf0,2025/12/09 10:00:41,1,Session-000008
34,START,2025/12/09 10:00:34,2025/12/09 10:00:34,Variant 1,sid-7E063660-AF89-4E86-906B-E703580F1C75,,1,,sid-e383f3a2-1ab6-4a0e-9b02-73baee020cf0,2025/12/09 10:00:34,,
34,END,2025/12/09 10:00:34,2025/12/09 10:00:34,Variant 1,sid-B3145B77-A916-4A27-82D5-3A1E113A7FC9,,1,,sid-e383f3a2-1ab6-4a0e-9b02-73baee020cf0,2025/12/09 10:00:34,,
35,START,2025/12/09 10:00:35,2025/12/09 10:00:35,Variant 3,sid-7E063660-AF89-4E86-906B-E703580F1C75,,3,,sid-e383f3a2-1ab6-4a0e-9b02-73baee020cf0,2025/12/09 10:00:35,,
35,CHECK DATA BALANCING,2025/12/09 10:00:36,2025/12/09 10:00:36,Variant 3,sid-B48DF955-D774-4256-AEB6-099744469155,QBP_DEFAULT_RESOURCE,3,0,sid-e383f3a2-1ab6-4a0e-9b02-73baee020cf0,2025/12/09 10:00:35,1,Session-000003
35,CHECK COVERAGE,2025/12/09 10:00:37,2025/12/09 10:00:37,Variant 3,sid-84855BE7-4A74-4AA7-A950-22E81A38081C,QBP_DEFAULT_RESOURCE,3,0,sid-e383f3a2-1ab6-4a0e-9b02-73baee020cf0,2025/12/09 10:00:36,1,Session-000006
35,CONFIGURE INGESTION SYSTEM,2025/12/09 10:00:38,2025/12/09 10:00:38,Variant 3,sid-52FE4380-2098-41C0-BE60-F2DEACC760F5,QBP_DEFAULT_RESOURCE,3,0,sid-e383f3a2-1ab6-4a0e-9b02-73baee020cf0,2025/12/09 10:00:37,1,Session-000009
35,CONFIGURE PREPARATION SYSTEM,2025/12/09 10:00:39,2025/12/09 10:00:39,Variant 3,sid-C6B14BB8-F42E-43E5-9A7E-0AA34AA52EE6,QBP_DEFAULT_RESOURCE,3,0,sid-e383f3a2-1ab6-4a0e-9b02-73baee020cf0,2025/12/09 10:00:38,1,Session-000001
35,CONFIGURE SEGREGATION SYSTEM,2025/12/09 10:00:40,2025/12/09 10:00:40,Variant 3,sid-1C9C5582-B583-4832-8DEA-4BDBB1AF9F15,QBP_DEFAULT_RESOURCE,3,0,sid-e383f3a2-1ab6-4a0e-9b02-73baee020cf0,2025/12/09 10:00:39,1,Session-000004
35,CONFIGURE DEVELOPMENT SYSTEM,2025/12/09 10:00:41,2025/12/09 10:00:41,Variant 3,sid-AB394422-8628-4377-B7B8-A25A46935C63,QBP_DEFAULT_RESOURCE,3,0,sid-e383f3a2-1ab6-4a0e-9b02-73baee020cf0,2025/12/09 10:00:40,1,Session-000007
35,CONFIGURE CLASSIFICATION SYSTEM,2025/12/09 10:00:42,2025/12/09 10:00:42,Variant 3,sid-50D70578-9920-4164-BA4D-ED2DFBC6DFC4,QBP_DEFAULT_RESOURCE,3,0,sid-e383f3a2-1ab6-4a0e-9b02-73baee020cf0,2025/12/09 10:00:41,1,Session-000010
35,CONFIGURE EVALUATION SYSTEM,2025/12/09 10:00:43,2025/12/09 10:00:43,Variant 3,sid-8AEFBBF0-A454-4978-9B69-49B3851CF601,QBP_DEFAULT_RESOURCE,3,0,sid-e383f3a2-1ab6-4a0e-9b02-73baee020cf0,2025/12/09 10:00:42,1,Session-000003
35,CONFIGURE CLIENT-SIDE SYSTEMS,2025/12/09 10:00:44,2025/12/09 10:00:44,Variant 3,sid-2A6D8261-8FF9-4B37-A6BF-D919D2DFB69B,QBP_DEFAULT_RESOURCE,3,0,sid-e383f3a2-1ab6-4a0e-9b02-73baee020cf0,2025/12/09 10:00:43,1,Session-000006
35,END,2025/12/09 10:00:44,2025/12/09 10:00:44,Variant 3,sid-B3145B77-A916-4A27-82D5-3A1E113A7FC9,QBP_DEFAULT_RESOURCE,3,0,sid-e383f3a2-1ab6-4a0e-9b02-73baee020cf0,2025/12/09 10:00:44,1,Session-000006
36,START,2025/12/09 10:00:36,2025/12/09 10:00:36,Variant 1,sid-7E063660-AF89-4E86-906B-E703580F1C75,,1,,sid-e383f3a2-1ab6-4a0e-9b02-73baee020cf0,2025/12/09 10:00:36,,
36,END,2025/12/09 10:00:36,2025/12/09 10:00:36,Variant 1,sid-B3145B77-A916-4A27-82D5-3A1E113A7FC9,,1,,sid-e383f3a2-1ab6-4a0e-9b02-73baee020cf0,2025/12/09 10:00:36,,
37,START,2025/12/09 10:00:37,2025/12/09 10:00:37,Variant 1,sid-7E063660-AF89-4E86-906B-E703580F1C75,,1,,sid-e383f3a2-1ab6-4a0e-9b02-73baee020cf0,2025/12/09 10:00:37,,
37,END,2025/12/09 10:00:37,2025/12/09 10:00:37,Variant 1,sid-B3145B77-A916-4A27-82D5-3A1E113A7FC9,,1,,sid-e383f3a2-1ab6-4a0e-9b02-73baee020cf0,2025/12/09 10:00:37,,
38,START,2025/12/09 10:00:38,2025/12/09 10:00:38,Variant 1,sid-7E063660-AF89-4E86-906B-E703580F1C75,,1,,sid-e383f3a2-1ab6-4a0e-9b02-73baee020cf0,2025/12/09 10:00:38,,
38,END,2025/12/09 10:00:38,2025/12/09 10:00:38,Variant 1,sid-B3145B77-A916-4A27-82D5-3A1E113A7FC9,,1,,sid-e383f3a2-1ab6-4a0e-9b02-73baee020cf0,2025/12/09 10:00:38,,
39,START,2025/12/09 10:00:39,2025/12/09 10:00:39,Variant 4,sid-7E063660-AF89-4E86-906B-E703580F1C75,,4,,sid-e383f3a2-1ab6-4a0e-9b02-73baee020cf0,2025/12/09 10:00:39,,
39,EVALUATE CLASSIFIER,2025/12/09 10:00:40,2025/12/09 10:00:40,Variant 4,sid-3F9FCBD8-DDC3-4B0E-83B6-1C5C1C3EAA41,QBP_DEFAULT_RESOURCE,4,0,sid-e383f3a2-1ab6-4a0e-9b02-73baee020cf0,2025/12/09 10:00:39,1,Session-000003
39,END,2025/12/09 10:00:40,2025/12/09 10:00:40,Variant 4,sid-B3145B77-A916-4A27-82D5-3A1E113A7FC9,QBP_DEFAULT_RESOURCE,4,0,sid-e383f3a2-1ab6-4a0e-9b02-73baee020cf0,2025/12/09 10:00:40,1,Session-000003
4,START,2025/12/09 10:00:04,2025/12/09 10:00:04,Variant 1,sid-7E063660-AF89-4E86-906B-E703580F1C75,,1,,sid-e383f3a2-1ab6-4a0e-9b02-73baee020cf0,2025/12/09 10:00:04,,
4,END,2025/12/09 10:00:04,2025/12/09 10:00:04,Variant 1,sid-B3145B77-A916-4A27-82D5-3A1E113A7FC9,,1,,sid-e383f3a2-1ab6-4a0e-9b02-73baee020cf0,2025/12/09 10:00:04,,
40,START,2025/12/09 10:00:40,2025/12/09 10:00:40,Variant 2,sid-7E063660-AF89-4E86-906B-E703580F1C75,,2,,sid-e383f3a2-1ab6-4a0e-9b02-73baee020cf0,2025/12/09 10:00:40,,
40,CHECK DATA BALANCING,2025/12/09 10:00:41,2025/12/09 10:00:41,Variant 2,sid-B48DF955-D774-4256-AEB6-099744469155,QBP_DEFAULT_RESOURCE,2,0,sid-e383f3a2-1ab6-4a0e-9b02-73baee020cf0,2025/12/09 10:00:40,1,Session-000006
40,CONFIGURE INGESTION SYSTEM,2025/12/09 10:00:42,2025/12/09 10:00:42,Variant 2,sid-52FE4380-2098-41C0-BE60-F2DEACC760F5,QBP_DEFAULT_RESOURCE,2,0,sid-e383f3a2-1ab6-4a0e-9b02-73baee020cf0,2025/12/09 10:00:41,1,Session-000009
40,CONFIGURE PREPARATION SYSTEM,2025/12/09 10:00:43,2025/12/09 10:00:43,Variant 2,sid-C6B14BB8-F42E-43E5-9A7E-0AA34AA52EE6,QBP_DEFAULT_RESOURCE,2,0,sid-e383f3a2-1ab6-4a0e-9b02-73baee020cf0,2025/12/09 10:00:42,1,Session-000002
40,CONFIGURE SEGREGATION SYSTEM,2025/12/09 10:00:44,2025/12/09 10:00:44,Variant 2,sid-1C9C5582-B583-4832-8DEA-4BDBB1AF9F15,QBP_DEFAULT_RESOURCE,2,0,sid-e383f3a2-1ab6-4a0e-9b02-73baee020cf0,2025/12/09 10:00:43,1,Session-000005
40,CONFIGURE DEVELOPMENT SYSTEM,2025/12/09 10:00:45,2025/12/09 10:00:45,Variant 2,sid-AB394422-8628-4377-B7B8-A25A46935C63,QBP_DEFAULT_RESOURCE,2,0,sid-e383f3a2-1ab6-4a0e-9b02-73baee020cf0,2025/12/09 10:00:44,1,Session-000008
40,CONFIGURE CLASSIFICATION SYSTEM,2025/12/09 10:00:46,2025/12/09 10:00:46,Variant 2,sid-50D70578-9920-4164-BA4D-ED2DFBC6DFC4,QBP_DEFAULT_RESOURCE,2,0,sid-e383f3a2-1ab6-4a0e-9b02-73baee020cf0,2025/12/09 10:00:45,1,Session-000010
40,CONFIGURE EVALUATION SYSTEM,2025/12/09 10:00:47,2025/12/09 10:00:47,Variant 2,sid-8AEFBBF0-A454-4978-9B69-49B3851CF601,QBP_DEFAULT_RESOURCE,2,0,sid-e383f3a2-1ab6-4a0e-9b02-73baee020cf0,2025/12/09 10:00:46,1,Session-000002
40,CONFIGURE CLIENT-SIDE SYSTEMS,2025/12/09 10:00:48,2025/12/09 10:00:48,Variant 2,sid-2A6D8261-8FF9-4B37-A6BF-D919D2DFB69B,QBP_DEFAULT_RESOURCE,2,0,sid-e383f3a2-1ab6-4a0e-9b02-73baee020cf0,2025/12/09 10:00:47,1,Session-000004
40,END,2025/12/09 10:00:48,2025/12/09 10:00:48,Variant 2,sid-B3145B77-A916-4A27-82D5-3A1E113A7FC9,QBP_DEFAULT_RESOURCE,2,0,sid-e383f3a2-1ab6-4a0e-9b02-73baee020cf0,2025/12/09 10:00:48,1,Session-000004
41,START,2025/12/09 10:00:41,2025/12/09 10:00:41,Variant 1,sid-7E063660-AF89-4E86-906B-E703580F1C75,,1,,sid-e383f3a2-1ab6-4a0e-9b02-73baee020cf0,2025/12/09 10:00:41,,
41,END,2025/12/09 10:00:41,2025/12/09 10:00:41,Variant 1,sid-B3145B77-A916-4A27-82D5-3A1E113A7FC9,,1,,sid-e383f3a2-1ab6-4a0e-9b02-73baee020cf0,2025/12/09 10:00:41,,
42,START,2025/12/09 10:00:42,2025/12/09 10:00:42,Variant 3,sid-7E063660-AF89-4E86-906B-E703580F1C75,,3,,sid-e383f3a2-1ab6-4a0e-9b02-73baee020cf0,2025/12/09 10:00:42,,
42,CONFIGURE INGESTION SYSTEM,2025/12/09 10:00:45,2025/12/09 10:00:45,Variant 3,sid-52FE4380-2098-41C0-BE60-F2DEACC760F5,QBP_DEFAULT_RESOURCE,3,0,sid-e383f3a2-1ab6-4a0e-9b02-73baee020cf0,2025/12/09 10:00:44,1,Session-000007
42,CONFIGURE PREPARATION SYSTEM,2025/12/09 10:00:46,2025/12/09 10:00:46,Variant 3,sid-C6B14BB8-F42E-43E5-9A7E-0AA34AA52EE6,QBP_DEFAULT_RESOURCE,3,0,sid-e383f3a2-1ab6-4a0e-9b02-73baee020cf0,2025/12/09 10:00:45,1,Session-000009
42,CONFIGURE SEGREGATION SYSTEM,2025/12/09 10:00:47,2025/12/09 10:00:47,Variant 3,sid-1C9C5582-B583-4832-8DEA-4BDBB1AF9F15,QBP_DEFAULT_RESOURCE,3,0,sid-e383f3a2-1ab6-4a0e-9b02-73baee020cf0,2025/12/09 10:00:46,1,Session-000001
42,CONFIGURE DEVELOPMENT SYSTEM,2025/12/09 10:00:48,2025/12/09 10:00:48,Variant 3,sid-AB394422-8628-4377-B7B8-A25A46935C63,QBP_DEFAULT_RESOURCE,3,0,sid-e383f3a2-1ab6-4a0e-9b02-73baee020cf0,2025/12/09 10:00:47,1,Session-000003
42,CONFIGURE CLASSIFICATION SYSTEM,2025/12/09 10:00:49,2025/12/09 10:00:49,Variant 3,sid-50D70578-9920-4164-BA4D-ED2DFBC6DFC4,QBP_DEFAULT_RESOURCE,3,0,sid-e383f3a2-1ab6-4a0e-9b02-73baee020cf0,2025/12/09 10:00:48,1,Session-000005
42,CONFIGURE EVALUATION SYSTEM,2025/12/09 10:00:50,2025/12/09 10:00:50,Variant 3,sid-8AEFBBF0-A454-4978-9B69-49B3851CF601,QBP_DEFAULT_RESOURCE,3,0,sid-e383f3a2-1ab6-4a0e-9b02-73baee020cf0,2025/12/09 10:00:49,1,Session-000007
42,CONFIGURE CLIENT-SIDE SYSTEMS,2025/12/09 10:00:51,2025/12/09 10:00:51,Variant 3,sid-2A6D8261-8FF9-4B37-A6BF-D919D2DFB69B,QBP_DEFAULT_RESOURCE,3,0,sid-e383f3a2-1ab6-4a0e-9b02-73baee020cf0,2025/12/09 10:00:50,1,Session-000010
42,END,2025/12/09 10:00:51,2025/12/09 10:00:51,Variant 3,sid-B3145B77-A916-4A27-82D5-3A1E113A7FC9,QBP_DEFAULT_RESOURCE,3,0,sid-e383f3a2-1ab6-4a0e-9b02-73baee020cf0,2025/12/09 10:00:51,1,Session-000010
43,START,2025/12/09 10:00:43,2025/12/09 10:00:43,Variant 1,sid-7E063660-AF89-4E86-906B-E703580F1C75,,1,,sid-e383f3a2-1ab6-4a0e-9b02-73baee020cf0,2025/12/09 10:00:43,,
43,END,2025/12/09 10:00:43,2025/12/09 10:00:43,Variant 1,sid-B3145B77-A916-4A27-82D5-3A1E113A7FC9,,1,,sid-e383f3a2-1ab6-4a0e-9b02-73baee020cf0,2025/12/09 10:00:43,,
44,START,2025/12/09 10:00:44,2025/12/09 10:00:44,Variant 1,sid-7E063660-AF89-4E86-906B-E703580F1C75,,1,,sid-e383f3a2-1ab6-4a0e-9b02-73baee020cf0,2025/12/09 10:00:44,,
44,END,2025/12/09 10:00:44,2025/12/09 10:00:44,Variant 1,sid-B3145B77-A916-4A27-82D5-3A1E113A7FC9,,1,,sid-e383f3a2-1ab6-4a0e-9b02-73baee020cf0,2025/12/09 10:00:44,,
45,START,2025/12/09 10:00:45,2025/12/09 10:00:45,Variant 1,sid-7E063660-AF89-4E86-906B-E703580F1C75,,1,,sid-e383f3a2-1ab6-4a0e-9b02-73baee020cf0,2025/12/09 10:00:45,,
45,END,2025/12/09 10:00:45,2025/12/09 10:00:45,Variant 1,sid-B3145B77-A916-4A27-82D5-3A1E113A7FC9,,1,,sid-e383f3a2-1ab6-4a0e-9b02-73baee020cf0,2025/12/09 10:00:45,,
46,START,2025/12/09 10:00:46,2025/12/09 10:00:46,Variant 1,sid-7E063660-AF89-4E86-906B-E703580F1C75,,1,,sid-e383f3a2-1ab6-4a0e-9b02-73baee020cf0,2025/12/09 10:00:46,,
46,END,2025/12/09 10:00:46,2025/12/09 10:00:46,Variant 1,sid-B3145B77-A916-4A27-82D5-3A1E113A7FC9,,1,,sid-e383f3a2-1ab6-4a0e-9b02-73baee020cf0,2025/12/09 10:00:46,,
47,START,2025/12/09 10:00:47,2025/12/09 10:00:47,Variant 1,sid-7E063660-AF89-4E86-906B-E703580F1C75,,1,,sid-e383f3a2-1ab6-4a0e-9b02-73baee020cf0,2025/12/09 10:00:47,,
47,END,2025/12/09 10:00:47,2025/12/09 10:00:47,Variant 1,sid-B3145B77-A916-4A27-82D5-3A1E113A7FC9,,1,,sid-e383f3a2-1ab6-4a0e-9b02-73baee020cf0,2025/12/09 10:00:47,,
48,START,2025/12/09 10:00:48,2025/12/09 10:00:48,Variant 1,sid-7E063660-AF89-4E86-906B-E703580F1C75,,1,,sid-e383f3a2-1ab6-4a0e-9b02-73baee020cf0,2025/12/09 10:00:48,,
48,END,2025/12/09 10:00:48,2025/12/09 10:00:48,Variant 1,sid-B3145B77-A916-4A27-82D5-3A1E113A7FC9,,1,,sid-e383f3a2-1ab6-4a0e-9b02-73baee020cf0,2025/12/09 10:00:48,,
49,START,2025/12/09 10:00:49,2025/12/09 10:00:49,Variant 2,sid-7E063660-AF89-4E86-906B-E703580F1C75,,2,,sid-e383f3a2-1ab6-4a0e-9b02-73baee020cf0,2025/12/09 10:00:49,,
49,CHECK DATA BALANCING,2025/12/09 10:00:50,2025/12/09 10:00:50,Variant 2,sid-B48DF955-D774-4256-AEB6-099744469155,QBP_DEFAULT_RESOURCE,2,0,sid-e383f3a2-1ab6-4a0e-9b02-73baee020cf0,2025/12/09 10:00:49,1,Session-000006
49,CONFIGURE INGESTION SYSTEM,2025/12/09 10:00:51,2025/12/09 10:00:51,Variant 2,sid-52FE4380-2098-41C0-BE60-F2DEACC760F5,QBP_DEFAULT_RESOURCE,2,0,sid-e383f3a2-1ab6-4a0e-9b02-73baee020cf0,2025/12/09 10:00:50,1,Session-000009
49,CONFIGURE PREPARATION SYSTEM,2025/12/09 10:00:52,2025/12/09 10:00:52,Variant 2,sid-C6B14BB8-F42E-43E5-9A7E-0AA34AA52EE6,QBP_DEFAULT_RESOURCE,2,0,sid-e383f3a2-1ab6-4a0e-9b02-73baee020cf0,2025/12/09 10:00:51,1,Session-000003
49,CONFIGURE SEGREGATION SYSTEM,2025/12/09 10:00:53,2025/12/09 10:00:53,Variant 2,sid-1C9C5582-B583-4832-8DEA-4BDBB1AF9F15,QBP_DEFAULT_RESOURCE,2,0,sid-e383f3a2-1ab6-4a0e-9b02-73baee020cf0,2025/12/09 10:00:52,1,Session-000007
49,CONFIGURE DEVELOPMENT SYSTEM,2025/12/09 10:00:54,2025/12/09 10:00:54,Variant 2,sid-AB394422-8628-4377-B7B8-A25A46935C63,QBP_DEFAULT_RESOURCE,2,0,sid-e383f3a2-1ab6-4a0e-9b02-73baee020cf0,2025/12/09 10:00:53,1,Session-000001
49,CONFIGURE CLASSIFICATION SYSTEM,2025/12/09 10:00:55,2025/12/09 10:00:55,Variant 2,sid-50D70578-9920-4164-BA4D-ED2DFBC6DFC4,QBP_DEFAULT_RESOURCE,2,0,sid-e383f3a2-1ab6-4a0e-9b02-73baee020cf0,2025/12/09 10:00:54,1,Session-000006
49,CONFIGURE EVALUATION SYSTEM,2025/12/09 10:00:56,2025/12/09 10:00:56,Variant 2,sid-8AEFBBF0-A454-4978-9B69-49B3851CF601,QBP_DEFAULT_RESOURCE,2,0,sid-e383f3a2-1ab6-4a0e-9b02-73baee020cf0,2025/12/09 10:00:55,1,Session-000001
49,CONFIGURE CLIENT-SIDE SYSTEMS,2025/12/09 10:00:57,2025/12/09 10:00:57,Variant 2,sid-2A6D8261-8FF9-4B37-A6BF-D919D2DFB69B,QBP_DEFAULT_RESOURCE,2,0,sid-e383f3a2-1ab6-4a0e-9b02-73baee020cf0,2025/12/09 10:00:56,1,Session-000006
49,END,2025/12/09 10:00:57,2025/12/09 10:00:57,Variant 2,sid-B3145B77-A916-4A27-82D5-3A1E113A7FC9,QBP_DEFAULT_RESOURCE,2,0,sid-e383f3a2-1ab6-4a0e-9b02-73baee020cf0,2025/12/09 10:00:57,1,Session-000006
5,START,2025/12/09 10:00:05,2025/12/09 10:00:05,Variant 3,sid-7E063660-AF89-4E86-906B-E703580F1C75,,3,,sid-e383f3a2-1ab6-4a0e-9b02-73baee020cf0,2025/12/09 10:00:05,,
5,CHECK DATA BALANCING,2025/12/09 10:00:06,2025/12/09 10:00:06,Variant 3,sid-B48DF955-D774-4256-AEB6-099744469155,QBP_DEFAULT_RESOURCE,3,0,sid-e383f3a2-1ab6-4a0e-9b02-73baee020cf0,2025/12/09 10:00:05,1,Session-000005
5,CHECK COVERAGE,2025/12/09 10:00:07,2025/12/09 10:00:07,Variant 3,sid-84855BE7-4A74-4AA7-A950-22E81A38081C,QBP_DEFAULT_RESOURCE,3,0,sid-e383f3a2-1ab6-4a0e-9b02-73baee020cf0,2025/12/09 10:00:06,1,Session-000008
5,CONFIGURE INGESTION SYSTEM,2025/12/09 10:00:08,2025/12/09 10:00:08,Variant 3,sid-52FE4380-2098-41C0-BE60-F2DEACC760F5,QBP_DEFAULT_RESOURCE,3,0,sid-e383f3a2-1ab6-4a0e-9b02-73baee020cf0,2025/12/09 10:00:07,1,Session-000002
5,CONFIGURE PREPARATION SYSTEM,2025/12/09 10:00:09,2025/12/09 10:00:09,Variant 3,sid-C6B14BB8-F42E-43E5-9A7E-0AA34AA52EE6,QBP_DEFAULT_RESOURCE,3,0,sid-e383f3a2-1ab6-4a0e-9b02-73baee020cf0,2025/12/09 10:00:08,1,Session-000006
5,CONFIGURE SEGREGATION SYSTEM,2025/12/09 10:00:10,2025/12/09 10:00:10,Variant 3,sid-1C9C5582-B583-4832-8DEA-4BDBB1AF9F15,QBP_DEFAULT_RESOURCE,3,0,sid-e383f3a2-1ab6-4a0e-9b02-73baee020cf0,2025/12/09 10:00:09,1,Session-000010
5,CONFIGURE DEVELOPMENT SYSTEM,2025/12/09 10:00:11,2025/12/09 10:00:11,Variant 3,sid-AB394422-8628-4377-B7B8-A25A46935C63,QBP_DEFAULT_RESOURCE,3,0,sid-e383f3a2-1ab6-4a0e-9b02-73baee020cf0,2025/12/09 10:00:10,1,Session-000005
5,CONFIGURE CLASSIFICATION SYSTEM,2025/12/09 10:00:12,2025/12/09 10:00:12,Variant 3,sid-50D70578-9920-4164-BA4D-ED2DFBC6DFC4,QBP_DEFAULT_RESOURCE,3,0,sid-e383f3a2-1ab6-4a0e-9b02-73baee020cf0,2025/12/09 10:00:11,1,Session-000001
5,CONFIGURE EVALUATION SYSTEM,2025/12/09 10:00:13,2025/12/09 10:00:13,Variant 3,sid-8AEFBBF0-A454-4978-9B69-49B3851CF601,QBP_DEFAULT_RESOURCE,3,0,sid-e383f3a2-1ab6-4a0e-9b02-73baee020cf0,2025/12/09 10:00:12,1,Session-000008
5,CONFIGURE CLIENT-SIDE SYSTEMS,2025/12/09 10:00:14,2025/12/09 10:00:14,Variant 3,sid-2A6D8261-8FF9-4B37-A6BF-D919D2DFB69B,QBP_DEFAULT_RESOURCE,3,0,sid-e383f3a2-1ab6-4a0e-9b02-73baee020cf0,2025/12/09 10:00:13,1,Session-000004
5,END,2025/12/09 10:00:14,2025/12/09 10:00:14,Variant 3,sid-B3145B77-A916-4A27-82D5-3A1E113A7FC9,QBP_DEFAULT_RESOURCE,3,0,sid-e383f3a2-1ab6-4a0e-9b02-73baee020cf0,2025/12/09 10:00:14,1,Session-000004
50,START,2025/12/09 10:00:50,2025/12/09 10:00:50,Variant 3,sid-7E063660-AF89-4E86-906B-E703580F1C75,,3,,sid-e383f3a2-1ab6-4a0e-9b02-73baee020cf0,2025/12/09 10:00:50,,
50,CHECK DATA BALANCING,2025/12/09 10:00:51,2025/12/09 10:00:51,Variant 3,sid-B48DF955-D774-4256-AEB6-099744469155,QBP_DEFAULT_RESOURCE,3,0,sid-e383f3a2-1ab6-4a0e-9b02-73baee020cf0,2025/12/09 10:00:50,1,Session-000008
50,CHECK COVERAGE,2025/12/09 10:00:52,2025/12/09 10:00:52,Variant 3,sid-84855BE7-4A74-4AA7-A950-22E81A38081C,QBP_DEFAULT_RESOURCE,3,0,sid-e383f3a2-1ab6-4a0e-9b02-73baee020cf0,2025/12/09 10:00:51,1,Session-000002
50,CONFIGURE INGESTION SYSTEM,2025/12/09 10:00:53,2025/12/09 10:00:53,Variant 3,sid-52FE4380-2098-41C0-BE60-F2DEACC760F5,QBP_DEFAULT_RESOURCE,3,0,sid-e383f3a2-1ab6-4a0e-9b02-73baee020cf0,2025/12/09 10:00:52,1,Session-000006
50,CONFIGURE PREPARATION SYSTEM,2025/12/09 10:00:54,2025/12/09 10:00:54,Variant 3,sid-C6B14BB8-F42E-43E5-9A7E-0AA34AA52EE6,QBP_DEFAULT_RESOURCE,3,0,sid-e383f3a2-1ab6-4a0e-9b02-73baee020cf0,2025/12/09 10:00:53,1,Session-000010
50,CONFIGURE SEGREGATION SYSTEM,2025/12/09 10:00:55,2025/12/09 10:00:55,Variant 3,sid-1C9C5582-B583-4832-8DEA-4BDBB1AF9F15,QBP_DEFAULT_RESOURCE,3,0,sid-e383f3a2-1ab6-4a0e-9b02-73baee020cf0,2025/12/09 10:00:54,1,Session-000005
50,CONFIGURE DEVELOPMENT SYSTEM,2025/12/09 10:00:56,2025/12/09 10:00:56,Variant 3,sid-AB394422-8628-4377-B7B8-A25A46935C63,QBP_DEFAULT_RESOURCE,3,0,sid-e383f3a2-1ab6-4a0e-9b02-73baee020cf0,2025/12/09 10:00:55,1,Session-000010
50,CONFIGURE CLASSIFICATION SYSTEM,2025/12/09 10:00:57,2025/12/09 10:00:57,Variant 3,sid-50D70578-9920-4164-BA4D-ED2DFBC6DFC4,QBP_DEFAULT_RESOURCE,3,0,sid-e383f3a2-1ab6-4a0e-9b02-73baee020cf0,2025/12/09 10:00:56,1,Session-000005
50,CONFIGURE EVALUATION SYSTEM,2025/12/09 10:00:58,2025/12/09 10:00:58,Variant 3,sid-8AEFBBF0-A454-4978-9B69-49B3851CF601,QBP_DEFAULT_RESOURCE,3,0,sid-e383f3a2-1ab6-4a0e-9b02-73baee020cf0,2025/12/09 10:00:57,1,Session-000010
50,CONFIGURE CLIENT-SIDE SYSTEMS,2025/12/09 10:00:59,2025/12/09 10:00:59,Variant 3,sid-2A6D8261-8FF9-4B37-A6BF-D919D2DFB69B,QBP_DEFAULT_RESOURCE,3,0,sid-e383f3a2-1ab6-4a0e-9b02-73baee020cf0,2025/12/09 10:00:58,1,Session-000005
50,END,2025/12/09 10:00:59,2025/12/09 10:00:59,Variant 3,sid-B3145B77-A916-4A27-82D5-3A1E113A7FC9,QBP_DEFAULT_RESOURCE,3,0,sid-e383f3a2-1ab6-4a0e-9b02-73baee020cf0,2025/12/09 10:00:59,1,Session-000005
51,START,2025/12/09 10:00:51,2025/12/09 10:00:51,Variant 2,sid-7E063660-AF89-4E86-906B-E703580F1C75,,2,,sid-e383f3a2-1ab6-4a0e-9b02-73baee020cf0,2025/12/09 10:00:51,,
51,CHECK DATA BALANCING,2025/12/09 10:00:52,2025/12/09 10:00:52,Variant 2,sid-B48DF955-D774-4256-AEB6-099744469155,QBP_DEFAULT_RESOURCE,2,0,sid-e383f3a2-1ab6-4a0e-9b02-73baee020cf0,2025/12/09 10:00:51,1,Session-000001
51,CONFIGURE INGESTION SYSTEM,2025/12/09 10:00:53,2025/12/09 10:00:53,Variant 2,sid-52FE4380-2098-41C0-BE60-F2DEACC760F5,QBP_DEFAULT_RESOURCE,2,0,sid-e383f3a2-1ab6-4a0e-9b02-73baee020cf0,2025/12/09 10:00:52,1,Session-000005
51,CONFIGURE PREPARATION SYSTEM,2025/12/09 10:00:54,2025/12/09 10:00:54,Variant 2,sid-C6B14BB8-F42E-43E5-9A7E-0AA34AA52EE6,QBP_DEFAULT_RESOURCE,2,0,sid-e383f3a2-1ab6-4a0e-9b02-73baee020cf0,2025/12/09 10:00:53,1,Session-000009
51,CONFIGURE SEGREGATION SYSTEM,2025/12/09 10:00:55,2025/12/09 10:00:55,Variant 2,sid-1C9C5582-B583-4832-8DEA-4BDBB1AF9F15,QBP_DEFAULT_RESOURCE,2,0,sid-e383f3a2-1ab6-4a0e-9b02-73baee020cf0,2025/12/09 10:00:54,1,Session-000004
51,CONFIGURE DEVELOPMENT SYSTEM,2025/12/09 10:00:56,2025/12/09 10:00:56,Variant 2,sid-AB394422-8628-4377-B7B8-A25A46935C63,QBP_DEFAULT_RESOURCE,2,0,sid-e383f3a2-1ab6-4a0e-9b02-73baee020cf0,2025/12/09 10:00:55,1,Session-000009
51,CONFIGURE CLASSIFICATION SYSTEM,2025/12/09 10:00:57,2025/12/09 10:00:57,Variant 2,sid-50D70578-9920-4164-BA4D-ED2DFBC6DFC4,QBP_DEFAULT_RESOURCE,2,0,sid-e383f3a2-1ab6-4a0e-9b02-73baee020cf0,2025/12/09 10:00:56,1,Session-000004
51,CONFIGURE EVALUATION SYSTEM,2025/12/09 10:00:58,2025/12/09 10:00:58,Variant 2,sid-8AEFBBF0-A454-4978-9B69-49B3851CF601,QBP_DEFAULT_RESOURCE,2,0,sid-e383f3a2-1ab6-4a0e-9b02-73baee020cf0,2025/12/09 10:00:57,1,Session-000009
51,CONFIGURE CLIENT-SIDE SYSTEMS,2025/12/09 10:00:59,2025/12/09 10:00:59,Variant 2,sid-2A6D8261-8FF9-4B37-A6BF-D919D2DFB69B,QBP_DEFAULT_RESOURCE,2,0,sid-e383f3a2-1ab6-4a0e-9b02-73baee020cf0,2025/12/09 10:00:58,1,Session-000004
51,END,2025/12/09 10:00:59,2025/12/09 10:00:59,Variant 2,sid-B3145B77-A916-4A27-82D5-3A1E113A7FC9,QBP_DEFAULT_RESOURCE,2,0,sid-e383f3a2-1ab6-4a0e-9b02-73baee020cf0,2025/12/09 10:00:59,1,Session-000004
52,START,2025/12/09 10:00:52,2025/12/09 10:00:52,Variant 2,sid-7E063660-AF89-4E86-906B-E703580F1C75,,2,,sid-e383f3a2-1ab6-4a0e-9b02-73baee020cf0,2025/12/09 10:00:52,,
52,CHECK DATA BALANCING,2025/12/09 10:00:53,2025/12/09 10:00:53,Variant 2,sid-B48DF955-D774-4256-AEB6-099744469155,QBP_DEFAULT_RESOURCE,2,0,sid-e383f3a2-1ab6-4a0e-9b02-73baee020cf0,2025/12/09 10:00:52,1,Session-000004
52,CONFIGURE INGESTION SYSTEM,2025/12/09 10:00:54,2025/12/09 10:00:54,Variant 2,sid-52FE4380-2098-41C0-BE60-F2DEACC760F5,QBP_DEFAULT_RESOURCE,2,0,sid-e383f3a2-1ab6-4a0e-9b02-73baee020cf0,2025/12/09 10:00:53,1,Session-000008
52,CONFIGURE PREPARATION SYSTEM,2025/12/09 10:00:55,2025/12/09 10:00:55,Variant 2,sid-C6B14BB8-F42E-43E5-9A7E-0AA34AA52EE6,QBP_DEFAULT_RESOURCE,2,0,sid-e383f3a2-1ab6-4a0e-9b02-73baee020cf0,2025/12/09 10:00:54,1,Session-000003
52,CONFIGURE SEGREGATION SYSTEM,2025/12/09 10:00:56,2025/12/09 10:00:56,Variant 2,sid-1C9C5582-B583-4832-8DEA-4BDBB1AF9F15,QBP_DEFAULT_RESOURCE,2,0,sid-e383f3a2-1ab6-4a0e-9b02-73baee020cf0,2025/12/09 10:00:55,1,Session-000008
52,CONFIGURE DEVELOPMENT SYSTEM,2025/12/09 10:00:57,2025/12/09 10:00:57,Variant 2,sid-AB394422-8628-4377-B7B8-A25A46935C63,QBP_DEFAULT_RESOURCE,2,0,sid-e383f3a2-1ab6-4a0e-9b02-73baee020cf0,2025/12/09 10:00:56,1,Session-000003
52,CONFIGURE CLASSIFICATION SYSTEM,2025/12/09 10:00:58,2025/12/09 10:00:58,Variant 2,sid-50D70578-9920-4164-BA4D-ED2DFBC6DFC4,QBP_DEFAULT_RESOURCE,2,0,sid-e383f3a2-1ab6-4a0e-9b02-73baee020cf0,2025/12/09 10:00:57,1,Session-000008
52,CONFIGURE EVALUATION SYSTEM,2025/12/09 10:00:59,2025/12/09 10:00:59,Variant 2,sid-8AEFBBF0-A454-4978-9B69-49B3851CF601,QBP_DEFAULT_RESOURCE,2,0,sid-e383f3a2-1ab6-4a0e-9b02-73baee020cf0,2025/12/09 10:00:58,1,Session-000003
52,CONFIGURE CLIENT-SIDE SYSTEMS,2025/12/09 10:01:00,2025/12/09 10:01:00,Variant 2,sid-2A6D8261-8FF9-4B37-A6BF-D919D2DFB69B,QBP_DEFAULT_RESOURCE,2,0,sid-e383f3a2-1ab6-4a0e-9b02-73baee020cf0,2025/12/09 10:00:59,1,Session-000008
52,END,2025/12/09 10:01:00,2025/12/09 10:01:00,Variant 2,sid-B3145B77-A916-4A27-82D5-3A1E113A7FC9,QBP_DEFAULT_RESOURCE,2,0,sid-e383f3a2-1ab6-4a0e-9b02-73baee020cf0,2025/12/09 10:01:00,1,Session-000008
53,START,2025/12/09 10:00:53,2025/12/09 10:00:53,Variant 1,sid-7E063660-AF89-4E86-906B-E703580F1C75,,1,,sid-e383f3a2-1ab6-4a0e-9b02-73baee020cf0,2025/12/09 10:00:53,,
53,END,2025/12/09 10:00:53,2025/12/09 10:00:53,Variant 1,sid-B3145B77-A916-4A27-82D5-3A1E113A7FC9,,1,,sid-e383f3a2-1ab6-4a0e-9b02-73baee020cf0,2025/12/09 10:00:53,,
54,START,2025/12/09 10:00:54,2025/12/09 10:00:54,Variant 9,sid-7E063660-AF89-4E86-906B-E703580F1C75,,9,,sid-e383f3a2-1ab6-4a0e-9b02-73baee020cf0,2025/12/09 10:00:54,,
54,CHECK DATA BALANCING,2025/12/09 10:00:55,2025/12/09 10:00:55,Variant 9,sid-B48DF955-D774-4256-AEB6-099744469155,QBP_DEFAULT_RESOURCE,9,0,sid-e383f3a2-1ab6-4a0e-9b02-73baee020cf0,2025/12/09 10:00:54,1,Session-000002
54,CHECK COVERAGE,2025/12/09 10:00:56,2025/12/09 10:00:56,Variant 9,sid-84855BE7-4A74-4AA7-A950-22E81A38081C,QBP_DEFAULT_RESOURCE,9,0,sid-e383f3a2-1ab6-4a0e-9b02-73baee020cf0,2025/12/09 10:00:55,1,Session-000007
54,CHECK VALIDATION RESULTS,2025/12/09 10:00:58,2025/12/09 10:00:58,Variant 9,sid-CDCECFDC-6D1A-4D0D-AC63-4678A965EE2D,QBP_DEFAULT_RESOURCE,9,0,sid-e383f3a2-1ab6-4a0e-9b02-73baee020cf0,2025/12/09 10:00:57,1,Session-000007
54,CHECK VALIDATION RESULTS,2025/12/09 10:01:04,2025/12/09 10:01:04,Variant 9,sid-CDCECFDC-6D1A-4D0D-AC63-4678A965EE2D,QBP_DEFAULT_RESOURCE,9,0,sid-e383f3a2-1ab6-4a0e-9b02-73baee020cf0,2025/12/09 10:01:03,1,Session-000010
54,CHECK VALIDATION RESULTS,2025/12/09 10:01:06,2025/12/09 10:01:06,Variant 9,sid-CDCECFDC-6D1A-4D0D-AC63-4678A965EE2D,QBP_DEFAULT_RESOURCE,9,0,sid-e383f3a2-1ab6-4a0e-9b02-73baee020cf0,2025/12/09 10:01:05,1,Session-000009
54,CHECK TEST RESULTS,2025/12/09 10:01:07,2025/12/09 10:01:07,Variant 9,sid-3F3477CA-2154-443D-990D-BA61AA0EEDD2,QBP_DEFAULT_RESOURCE,9,0,sid-e383f3a2-1ab6-4a0e-9b02-73baee020cf0,2025/12/09 10:01:06,1,Session-000003
54,CONFIGURE INGESTION SYSTEM,2025/12/09 10:01:08,2025/12/09 10:01:08,Variant 9,sid-52FE4380-2098-41C0-BE60-F2DEACC760F5,QBP_DEFAULT_RESOURCE,9,0,sid-e383f3a2-1ab6-4a0e-9b02-73baee020cf0,2025/12/09 10:01:07,1,Session-000007
54,CONFIGURE PREPARATION SYSTEM,2025/12/09 10:01:09,2025/12/09 10:01:09,Variant 9,sid-C6B14BB8-F42E-43E5-9A7E-0AA34AA52EE6,QBP_DEFAULT_RESOURCE,9,0,sid-e383f3a2-1ab6-4a0e-9b02-73baee020cf0,2025/12/09 10:01:08,1,Session-000001
54,CONFIGURE SEGREGATION SYSTEM,2025/12/09 10:01:10,2025/12/09 10:01:10,Variant 9,sid-1C9C5582-B583-4832-8DEA-4BDBB1AF9F15,QBP_DEFAULT_RESOURCE,9,0,sid-e383f3a2-1ab6-4a0e-9b02-73baee020cf0,2025/12/09 10:01:09,1,Session-000005
54,CONFIGURE DEVELOPMENT SYSTEM,2025/12/09 10:01:11,2025/12/09 10:01:11,Variant 9,sid-AB394422-8628-4377-B7B8-A25A46935C63,QBP_DEFAULT_RESOURCE,9,0,sid-e383f3a2-1ab6-4a0e-9b02-73baee020cf0,2025/12/09 10:01:10,1,Session-000009
54,CONFIGURE CLASSIFICATION SYSTEM,2025/12/09 10:01:12,2025/12/09 10:01:12,Variant 9,sid-50D70578-9920-4164-BA4D-ED2DFBC6DFC4,QBP_DEFAULT_RESOURCE,9,0,sid-e383f3a2-1ab6-4a0e-9b02-73baee020cf0,2025/12/09 10:01:11,1,Session-000002
54,CONFIGURE EVALUATION SYSTEM,2025/12/09 10:01:13,2025/12/09 10:01:13,Variant 9,sid-8AEFBBF0-A454-4978-9B69-49B3851CF601,QBP_DEFAULT_RESOURCE,9,0,sid-e383f3a2-1ab6-4a0e-9b02-73baee020cf0,2025/12/09 10:01:12,1,Session-000006
54,CONFIGURE CLIENT-SIDE SYSTEMS,2025/12/09 10:01:14,2025/12/09 10:01:14,Variant 9,sid-2A6D8261-8FF9-4B37-A6BF-D919D2DFB69B,QBP_DEFAULT_RESOURCE,9,0,sid-e383f3a2-1ab6-4a0e-9b02-73baee020cf0,2025/12/09 10:01:13,1,Session-000009
54,END,2025/12/09 10:01:14,2025/12/09 10:01:14,Variant 9,sid-B3145B77-A916-4A27-82D5-3A1E113A7FC9,QBP_DEFAULT_RESOURCE,9,0,sid-e383f3a2-1ab6-4a0e-9b02-73baee020cf0,2025/12/09 10:01:14,1,Session-000009
55,START,2025/12/09 10:00:55,2025/12/09 10:00:55,Variant 1,sid-7E063660-AF89-4E86-906B-E703580F1C75,,1,,sid-e383f3a2-1ab6-4a0e-9b02-73baee020cf0,2025/12/09 10:00:55,,
55,END,2025/12/09 10:00:55,2025/12/09 10:00:55,Variant 1,sid-B3145B77-A916-4A27-82D5-3A1E113A7FC9,,1,,sid-e383f3a2-1ab6-4a0e-9b02-73baee020cf0,2025/12/09 10:00:55,,
56,START,2025/12/09 10:00:56,2025/12/09 10:00:56,Variant 1,sid-7E063660-AF89-4E86-906B-E703580F1C75,,1,,sid-e383f3a2-1ab6-4a0e-9b02-73baee020cf0,2025/12/09 10:00:56,,
56,END,2025/12/09 10:00:56,2025/12/09 10:00:56,Variant 1,sid-B3145B77-A916-4A27-82D5-3A1E113A7FC9,,1,,sid-e383f3a2-1ab6-4a0e-9b02-73baee020cf0,2025/12/09 10:00:56,,
57,START,2025/12/09 10:00:57,2025/12/09 10:00:57,Variant 1,sid-7E063660-AF89-4E86-906B-E703580F1C75,,1,,sid-e383f3a2-1ab6-4a0e-9b02-73baee020cf0,2025/12/09 10:00:57,,
57,END,2025/12/09 10:00:57,2025/12/09 10:00:57,Variant 1,sid-B3145B77-A916-4A27-82D5-3A1E113A7FC9,,1,,sid-e383f3a2-1ab6-4a0e-9b02-73baee020cf0,2025/12/09 10:00:57,,
58,START,2025/12/09 10:00:58,2025/12/09 10:00:58,Variant 2,sid-7E063660-AF89-4E86-906B-E703580F1C75,,2,,sid-e383f3a2-1ab6-4a0e-9b02-73baee020cf0,2025/12/09 10:00:58,,
58,CHECK DATA BALANCING,2025/12/09 10:00:59,2025/12/09 10:00:59,Variant 2,sid-B48DF955-D774-4256-AEB6-099744469155,QBP_DEFAULT_RESOURCE,2,0,sid-e383f3a2-1ab6-4a0e-9b02-73baee020cf0,2025/12/09 10:00:58,1,Session-000001
58,CONFIGURE INGESTION SYSTEM,2025/12/09 10:01:00,2025/12/09 10:01:00,Variant 2,sid-52FE4380-2098-41C0-BE60-F2DEACC760F5,QBP_DEFAULT_RESOURCE,2,0,sid-e383f3a2-1ab6-4a0e-9b02-73baee020cf0,2025/12/09 10:00:59,1,Session-000006
58,CONFIGURE PREPARATION SYSTEM,2025/12/09 10:01:01,2025/12/09 10:01:01,Variant 2,sid-C6B14BB8-F42E-43E5-9A7E-0AA34AA52EE6,QBP_DEFAULT_RESOURCE,2,0,sid-e383f3a2-1ab6-4a0e-9b02-73baee020cf0,2025/12/09 10:01:00,1,Session-000009
58,CONFIGURE SEGREGATION SYSTEM,2025/12/09 10:01:02,2025/12/09 10:01:02,Variant 2,sid-1C9C5582-B583-4832-8DEA-4BDBB1AF9F15,QBP_DEFAULT_RESOURCE,2,0,sid-e383f3a2-1ab6-4a0e-9b02-73baee020cf0,2025/12/09 10:01:01,1,Session-000002
58,CONFIGURE DEVELOPMENT SYSTEM,2025/12/09 10:01:03,2025/12/09 10:01:03,Variant 2,sid-AB394422-8628-4377-B7B8-A25A46935C63,QBP_DEFAULT_RESOURCE,2,0,sid-e383f3a2-1ab6-4a0e-9b02-73baee020cf0,2025/12/09 10:01:02,1,Session-000005
58,CONFIGURE CLASSIFICATION SYSTEM,2025/12/09 10:01:04,2025/12/09 10:01:04,Variant 2,sid-50D70578-9920-4164-BA4D-ED2DFBC6DFC4,QBP_DEFAULT_RESOURCE,2,0,sid-e383f3a2-1ab6-4a0e-9b02-73baee020cf0,2025/12/09 10:01:03,1,Session-000009
58,CONFIGURE EVALUATION SYSTEM,2025/12/09 10:01:05,2025/12/09 10:01:05,Variant 2,sid-8AEFBBF0-A454-4978-9B69-49B3851CF601,QBP_DEFAULT_RESOURCE,2,0,sid-e383f3a2-1ab6-4a0e-9b02-73baee020cf0,2025/12/09 10:01:04,1,Session-000003
58,CONFIGURE CLIENT-SIDE SYSTEMS,2025/12/09 10:01:06,2025/12/09 10:01:06,Variant 2,sid-2A6D8261-8FF9-4B37-A6BF-D919D2DFB69B,QBP_DEFAULT_RESOURCE,2,0,sid-e383f3a2-1ab6-4a0e-9b02-73baee020cf0,2025/12/09 10:01:05,1,Session-000008
58,END,2025/12/09 10:01:06,2025/12/09 10:01:06,Variant 2,sid-B3145B77-A916-4A27-82D5-3A1E113A7FC9,QBP_DEFAULT_RESOURCE,2,0,sid-e383f3a2-1ab6-4a0e-9b02-73baee020cf0,2025/12/09 10:01:06,1,Session-000008
59,START,2025/12/09 10:00:59,2025/12/09 10:00:59,Variant 1,sid-7E063660-AF89-4E86-906B-E703580F1C75,,1,,sid-e383f3a2-1ab6-4a0e-9b02-73baee020cf0,2025/12/09 10:00:59,,
59,END,2025/12/09 10:00:59,2025/12/09 10:00:59,Variant 1,sid-B3145B77-A916-4A27-82D5-3A1E113A7FC9,,1,,sid-e383f3a2-1ab6-4a0e-9b02-73baee020cf0,2025/12/09 10:00:59,,
6,START,2025/12/09 10:00:06,2025/12/09 10:00:06,Variant 3,sid-7E063660-AF89-4E86-906B-E703580F1C75,,3,,sid-e383f3a2-1ab6-4a0e-9b02-73baee020cf0,2025/12/09 10:00:06,,
6,CHECK DATA BALANCING,2025/12/09 10:00:07,2025/12/09 10:00:07,Variant 3,sid-B48DF955-D774-4256-AEB6-099744469155,QBP_DEFAULT_RESOURCE,3,0,sid-e383f3a2-1ab6-4a0e-9b02-73baee020cf0,2025/12/09 10:00:06,1,Session-000007
6,CHECK COVERAGE,2025/12/09 10:00:08,2025/12/09 10:00:08,Variant 3,sid-84855BE7-4A74-4AA7-A950-22E81A38081C,QBP_DEFAULT_RESOURCE,3,0,sid-e383f3a2-1ab6-4a0e-9b02-73baee020cf0,2025/12/09 10:00:07,1,Session-000001
6,CONFIGURE INGESTION SYSTEM,2025/12/09 10:00:09,2025/12/09 10:00:09,Variant 3,sid-52FE4380-2098-41C0-BE60-F2DEACC760F5,QBP_DEFAULT_RESOURCE,3,0,sid-e383f3a2-1ab6-4a0e-9b02-73baee020cf0,2025/12/09 10:00:08,1,Session-000005
6,CONFIGURE PREPARATION SYSTEM,2025/12/09 10:00:10,2025/12/09 10:00:10,Variant 3,sid-C6B14BB8-F42E-43E5-9A7E-0AA34AA52EE6,QBP_DEFAULT_RESOURCE,3,0,sid-e383f3a2-1ab6-4a0e-9b02-73baee020cf0,2025/12/09 10:00:09,1,Session-000009
6,CONFIGURE SEGREGATION SYSTEM,2025/12/09 10:00:11,2025/12/09 10:00:11,Variant 3,sid-1C9C5582-B583-4832-8DEA-4BDBB1AF9F15,QBP_DEFAULT_RESOURCE,3,0,sid-e383f3a2-1ab6-4a0e-9b02-73baee020cf0,2025/12/09 10:00:10,1,Session-000004
6,CONFIGURE DEVELOPMENT SYSTEM,2025/12/09 10:00:12,2025/12/09 10:00:12,Variant 3,sid-AB394422-8628-4377-B7B8-A25A46935C63,QBP_DEFAULT_RESOURCE,3,0,sid-e383f3a2-1ab6-4a0e-9b02-73baee020cf0,2025/12/09 10:00:11,1,Session-000010
6,CONFIGURE CLASSIFICATION SYSTEM,2025/12/09 10:00:13,2025/12/09 10:00:13,Variant 3,sid-50D70578-9920-4164-BA4D-ED2DFBC6DFC4,QBP_DEFAULT_RESOURCE,3,0,sid-e383f3a2-1ab6-4a0e-9b02-73baee020cf0,2025/12/09 10:00:12,1,Session-000007
6,CONFIGURE EVALUATION SYSTEM,2025/12/09 10:00:14,2025/12/09 10:00:14,Variant 3,sid-8AEFBBF0-A454-4978-9B69-49B3851CF601,QBP_DEFAULT_RESOURCE,3,0,sid-e383f3a2-1ab6-4a0e-9b02-73baee020cf0,2025/12/09 10:00:13,1,Session-000003
6,CONFIGURE CLIENT-SIDE SYSTEMS,2025/12/09 10:00:15,2025/12/09 10:00:15,Variant 3,sid-2A6D8261-8FF9-4B37-A6BF-D919D2DFB69B,QBP_DEFAULT_RESOURCE,3,0,sid-e383f3a2-1ab6-4a0e-9b02-73baee020cf0,2025/12/09 10:00:14,1,Session-000008
6,END,2025/12/09 10:00:15,2025/12/09 10:00:15,Variant 3,sid-B3145B77-A916-4A27-82D5-3A1E113A7FC9,QBP_DEFAULT_RESOURCE,3,0,sid-e383f3a2-1ab6-4a0e-9b02-73baee020cf0,2025/12/09 10:00:15,1,Session-000008
60,START,2025/12/09 10:01:00,2025/12/09 10:01:00,Variant 1,sid-7E063660-AF89-4E86-906B-E703580F1C75,,1,,sid-e383f3a2-1ab6-4a0e-9b02-73baee020cf0,2025/12/09 10:01:00,,
60,END,2025/12/09 10:01:00,2025/12/09 10:01:00,Variant 1,sid-B3145B77-A916-4A27-82D5-3A1E113A7FC9,,1,,sid-e383f3a2-1ab6-4a0e-9b02-73baee020cf0,2025/12/09 10:01:00,,
61,START,2025/12/09 10:01:01,2025/12/09 10:01:01,Variant 3,sid-7E063660-AF89-4E86-906B-E703580F1C75,,3,,sid-e383f3a2-1ab6-4a0e-9b02-73baee020cf0,2025/12/09 10:01:01,,
61,CONFIGURE INGESTION SYSTEM,2025/12/09 10:01:04,2025/12/09 10:01:04,Variant 3,sid-52FE4380-2098-41C0-BE60-F2DEACC760F5,QBP_DEFAULT_RESOURCE,3,0,sid-e383f3a2-1ab6-4a0e-9b02-73baee020cf0,2025/12/09 10:01:03,1,Session-000008
61,CONFIGURE PREPARATION SYSTEM,2025/12/09 10:01:05,2025/12/09 10:01:05,Variant 3,sid-C6B14BB8-F42E-43E5-9A7E-0AA34AA52EE6,QBP_DEFAULT_RESOURCE,3,0,sid-e383f3a2-1ab6-4a0e-9b02-73baee020cf0,2025/12/09 10:01:04,1,Session-000002
61,CONFIGURE SEGREGATION SYSTEM,2025/12/09 10:01:06,2025/12/09 10:01:06,Variant 3,sid-1C9C5582-B583-4832-8DEA-4BDBB1AF9F15,QBP_DEFAULT_RESOURCE,3,0,sid-e383f3a2-1ab6-4a0e-9b02-73baee020cf0,2025/12/09 10:01:05,1,Session-000007
61,CONFIGURE DEVELOPMENT SYSTEM,2025/12/09 10:01:07,2025/12/09 10:01:07,Variant 3,sid-AB394422-8628-4377-B7B8-A25A46935C63,QBP_DEFAULT_RESOURCE,3,0,sid-e383f3a2-1ab6-4a0e-9b02-73baee020cf0,2025/12/09 10:01:06,1,Session-000002
61,CONFIGURE CLASSIFICATION SYSTEM,2025/12/09 10:01:08,2025/12/09 10:01:08,Variant 3,sid-50D70578-9920-4164-BA4D-ED2DFBC6DFC4,QBP_DEFAULT_RESOURCE,3,0,sid-e383f3a2-1ab6-4a0e-9b02-73baee020cf0,2025/12/09 10:01:07,1,Session-000006
61,CONFIGURE EVALUATION SYSTEM,2025/12/09 10:01:09,2025/12/09 10:01:09,Variant 3,sid-8AEFBBF0-A454-4978-9B69-49B3851CF601,QBP_DEFAULT_RESOURCE,3,0,sid-e383f3a2-1ab6-4a0e-9b02-73baee020cf0,2025/12/09 10:01:08,1,Session-000010
61,CONFIGURE CLIENT-SIDE SYSTEMS,2025/12/09 10:01:10,2025/12/09 10:01:10,Variant 3,sid-2A6D8261-8FF9-4B37-A6BF-D919D2DFB69B,QBP_DEFAULT_RESOURCE,3,0,sid-e383f3a2-1ab6-4a0e-9b02-73baee020cf0,2025/12/09 10:01:09,1,Session-000004
61,END,2025/12/09 10:01:10,2025/12/09 10:01:10,Variant 3,sid-B3145B77-A916-4A27-82D5-3A1E113A7FC9,QBP_DEFAULT_RESOURCE,3,0,sid-e383f3a2-1ab6-4a0e-9b02-73baee020cf0,2025/12/09 10:01:10,1,Session-000004
62,START,2025/12/09 10:01:02,2025/12/09 10:01:02,Variant 1,sid-7E063660-AF89-4E86-906B-E703580F1C75,,1,,sid-e383f3a2-1ab6-4a0e-9b02-73baee020cf0,2025/12/09 10:01:02,,
62,END,2025/12/09 10:01:02,2025/12/09 10:01:02,Variant 1,sid-B3145B77-A916-4A27-82D5-3A1E113A7FC9,,1,,sid-e383f3a2-1ab6-4a0e-9b02-73baee020cf0,2025/12/09 10:01:02,,
63,START,2025/12/09 10:01:03,2025/12/09 10:01:03,Variant 2,sid-7E063660-AF89-4E86-906B-E703580F1C75,,2,,sid-e383f3a2-1ab6-4a0e-9b02-73baee020cf0,2025/12/09 10:01:03,,
63,CHECK DATA BALANCING,2025/12/09 10:01:04,2025/12/09 10:01:04,Variant 2,sid-B48DF955-D774-4256-AEB6-099744469155,QBP_DEFAULT_RESOURCE,2,0,sid-e383f3a2-1ab6-4a0e-9b02-73baee020cf0,2025/12/09 10:01:03,1,Session-000007
63,CONFIGURE INGESTION SYSTEM,2025/12/09 10:01:05,2025/12/09 10:01:05,Variant 2,sid-52FE4380-2098-41C0-BE60-F2DEACC760F5,QBP_DEFAULT_RESOURCE,2,0,sid-e383f3a2-1ab6-4a0e-9b02-73baee020cf0,2025/12/09 10:01:04,1,Session-000001
63,CONFIGURE PREPARATION SYSTEM,2025/12/09 10:01:06,2025/12/09 10:01:06,Variant 2,sid-C6B14BB8-F42E-43E5-9A7E-0AA34AA52EE6,QBP_DEFAULT_RESOURCE,2,0,sid-e383f3a2-1ab6-4a0e-9b02-73baee020cf0,2025/12/09 10:01:05,1,Session-000006
63,CONFIGURE SEGREGATION SYSTEM,2025/12/09 10:01:07,2025/12/09 10:01:07,Variant 2,sid-1C9C5582-B583-4832-8DEA-4BDBB1AF9F15,QBP_DEFAULT_RESOURCE,2,0,sid-e383f3a2-1ab6-4a0e-9b02-73baee020cf0,2025/12/09 10:01:06,1,Session-000001
63,CONFIGURE DEVELOPMENT SYSTEM,2025/12/09 10:01:08,2025/12/09 10:01:08,Variant 2,sid-AB394422-8628-4377-B7B8-A25A46935C63,QBP_DEFAULT_RESOURCE,2,0,sid-e383f3a2-1ab6-4a0e-9b02-73baee020cf0,2025/12/09 10:01:07,1,Session-000005
63,CONFIGURE CLASSIFICATION SYSTEM,2025/12/09 10:01:09,2025/12/09 10:01:09,Variant 2,sid-50D70578-9920-4164-BA4D-ED2DFBC6DFC4,QBP_DEFAULT_RESOURCE,2,0,sid-e383f3a2-1ab6-4a0e-9b02-73baee020cf0,2025/12/09 10:01:08,1,Session-000009
63,CONFIGURE EVALUATION SYSTEM,2025/12/09 10:01:10,2025/12/09 10:01:10,Variant 2,sid-8AEFBBF0-A454-4978-9B69-49B3851CF601,QBP_DEFAULT_RESOURCE,2,0,sid-e383f3a2-1ab6-4a0e-9b02-73baee020cf0,2025/12/09 10:01:09,1,Session-000003
63,CONFIGURE CLIENT-SIDE SYSTEMS,2025/12/09 10:01:11,2025/12/09 10:01:11,Variant 2,sid-2A6D8261-8FF9-4B37-A6BF-D919D2DFB69B,QBP_DEFAULT_RESOURCE,2,0,sid-e383f3a2-1ab6-4a0e-9b02-73baee020cf0,2025/12/09 10:01:10,1,Session-000008
63,END,2025/12/09 10:01:11,2025/12/09 10:01:11,Variant 2,sid-B3145B77-A916-4A27-82D5-3A1E113A7FC9,QBP_DEFAULT_RESOURCE,2,0,sid-e383f3a2-1ab6-4a0e-9b02-73baee020cf0,2025/12/09 10:01:11,1,Session-000008
64,START,2025/12/09 10:01:04,2025/12/09 10:01:04,Variant 1,sid-7E063660-AF89-4E86-906B-E703580F1C75,,1,,sid-e383f3a2-1ab6-4a0e-9b02-73baee020cf0,2025/12/09 10:01:04,,
64,END,2025/12/09 10:01:04,2025/12/09 10:01:04,Variant 1,sid-B3145B77-A916-4A27-82D5-3A1E113A7FC9,,1,,sid-e383f3a2-1ab6-4a0e-9b02-73baee020cf0,2025/12/09 10:01:04,,
65,START,2025/12/09 10:01:05,2025/12/09 10:01:05,Variant 2,sid-7E063660-AF89-4E86-906B-E703580F1C75,,2,,sid-e383f3a2-1ab6-4a0e-9b02-73baee020cf0,2025/12/09 10:01:05,,
65,CHECK DATA BALANCING,2025/12/09 10:01:06,2025/12/09 10:01:06,Variant 2,sid-B48DF955-D774-4256-AEB6-099744469155,QBP_DEFAULT_RESOURCE,2,0,sid-e383f3a2-1ab6-4a0e-9b02-73baee020cf0,2025/12/09 10:01:05,1,Session-000005
65,CONFIGURE INGESTION SYSTEM,2025/12/09 10:01:07,2025/12/09 10:01:07,Variant 2,sid-52FE4380-2098-41C0-BE60-F2DEACC760F5,QBP_DEFAULT_RESOURCE,2,0,sid-e383f3a2-1ab6-4a0e-9b02-73baee020cf0,2025/12/09 10:01:06,1,Session-000010
65,CONFIGURE PREPARATION SYSTEM,2025/12/09 10:01:08,2025/12/09 10:01:08,Variant 2,sid-C6B14BB8-F42E-43E5-9A7E-0AA34AA52EE6,QBP_DEFAULT_RESOURCE,2,0,sid-e383f3a2-1ab6-4a0e-9b02-73baee020cf0,2025/12/09 10:01:07,1,Session-000004
65,CONFIGURE SEGREGATION SYSTEM,2025/12/09 10:01:09,2025/12/09 10:01:09,Variant 2,sid-1C9C5582-B583-4832-8DEA-4BDBB1AF9F15,QBP_DEFAULT_RESOURCE,2,0,sid-e383f3a2-1ab6-4a0e-9b02-73baee020cf0,2025/12/09 10:01:08,1,Session-000008
65,CONFIGURE DEVELOPMENT SYSTEM,2025/12/09 10:01:10,2025/12/09 10:01:10,Variant 2,sid-AB394422-8628-4377-B7B8-A25A46935C63,QBP_DEFAULT_RESOURCE,2,0,sid-e383f3a2-1ab6-4a0e-9b02-73baee020cf0,2025/12/09 10:01:09,1,Session-000002
65,CONFIGURE CLASSIFICATION SYSTEM,2025/12/09 10:01:11,2025/12/09 10:01:11,Variant 2,sid-50D70578-9920-4164-BA4D-ED2DFBC6DFC4,QBP_DEFAULT_RESOURCE,2,0,sid-e383f3a2-1ab6-4a0e-9b02-73baee020cf0,2025/12/09 10:01:10,1,Session-000007
65,CONFIGURE EVALUATION SYSTEM,2025/12/09 10:01:12,2025/12/09 10:01:12,Variant 2,sid-8AEFBBF0-A454-4978-9B69-49B3851CF601,QBP_DEFAULT_RESOURCE,2,0,sid-e383f3a2-1ab6-4a0e-9b02-73baee020cf0,2025/12/09 10:01:11,1,Session-000001
65,CONFIGURE CLIENT-SIDE SYSTEMS,2025/12/09 10:01:13,2025/12/09 10:01:13,Variant 2,sid-2A6D8261-8FF9-4B37-A6BF-D919D2DFB69B,QBP_DEFAULT_RESOURCE,2,0,sid-e383f3a2-1ab6-4a0e-9b02-73baee020cf0,2025/12/09 10:01:12,1,Session-000005
65,END,2025/12/09 10:01:13,2025/12/09 10:01:13,Variant 2,sid-B3145B77-A916-4A27-82D5-3A1E113A7FC9,QBP_DEFAULT_RESOURCE,2,0,sid-e383f3a2-1ab6-4a0e-9b02-73baee020cf0,2025/12/09 10:01:13,1,Session-000005
66,START,2025/12/09 10:01:06,2025/12/09 10:01:06,Variant 1,sid-7E063660-AF89-4E86-906B-E703580F1C75,,1,,sid-e383f3a2-1ab6-4a0e-9b02-73baee020cf0,2025/12/09 10:01:06,,
66,END,2025/12/09 10:01:06,2025/12/09 10:01:06,Variant 1,sid-B3145B77-A916-4A27-82D5-3A1E113A7FC9,,1,,sid-e383f3a2-1ab6-4a0e-9b02-73baee020cf0,2025/12/09 10:01:06,,
67,START,2025/12/09 10:01:07,2025/12/09 10:01:07,Variant 1,sid-7E063660-AF89-4E86-906B-E703580F1C75,,1,,sid-e383f3a2-1ab6-4a0e-9b02-73baee020cf0,2025/12/09 10:01:07,,
67,END,2025/12/09 10:01:07,2025/12/09 10:01:07,Variant 1,sid-B3145B77-A916-4A27-82D5-3A1E113A7FC9,,1,,sid-e383f3a2-1ab6-4a0e-9b02-73baee020cf0,2025/12/09 10:01:07,,
68,START,2025/12/09 10:01:08,2025/12/09 10:01:08,Variant 1,sid-7E063660-AF89-4E86-906B-E703580F1C75,,1,,sid-e383f3a2-1ab6-4a0e-9b02-73baee020cf0,2025/12/09 10:01:08,,
68,END,2025/12/09 10:01:08,2025/12/09 10:01:08,Variant 1,sid-B3145B77-A916-4A27-82D5-3A1E113A7FC9,,1,,sid-e383f3a2-1ab6-4a0e-9b02-73baee020cf0,2025/12/09 10:01:08,,
69,START,2025/12/09 10:01:09,2025/12/09 10:01:09,Variant 1,sid-7E063660-AF89-4E86-906B-E703580F1C75,,1,,sid-e383f3a2-1ab6-4a0e-9b02-73baee020cf0,2025/12/09 10:01:09,,
69,END,2025/12/09 10:01:09,2025/12/09 10:01:09,Variant 1,sid-B3145B77-A916-4A27-82D5-3A1E113A7FC9,,1,,sid-e383f3a2-1ab6-4a0e-9b02-73baee020cf0,2025/12/09 10:01:09,,
7,START,2025/12/09 10:00:07,2025/12/09 10:00:07,Variant 2,sid-7E063660-AF89-4E86-906B-E703580F1C75,,2,,sid-e383f3a2-1ab6-4a0e-9b02-73baee020cf0,2025/12/09 10:00:07,,
7,CONFIGURE INGESTION SYSTEM,2025/12/09 10:00:09,2025/12/09 10:00:09,Variant 2,sid-52FE4380-2098-41C0-BE60-F2DEACC760F5,QBP_DEFAULT_RESOURCE,2,0,sid-e383f3a2-1ab6-4a0e-9b02-73baee020cf0,2025/12/09 10:00:08,1,Session-000004
7,CONFIGURE PREPARATION SYSTEM,2025/12/09 10:00:10,2025/12/09 10:00:10,Variant 2,sid-C6B14BB8-F42E-43E5-9A7E-0AA34AA52EE6,QBP_DEFAULT_RESOURCE,2,0,sid-e383f3a2-1ab6-4a0e-9b02-73baee020cf0,2025/12/09 10:00:09,1,Session-000008
7,CONFIGURE SEGREGATION SYSTEM,2025/12/09 10:00:11,2025/12/09 10:00:11,Variant 2,sid-1C9C5582-B583-4832-8DEA-4BDBB1AF9F15,QBP_DEFAULT_RESOURCE,2,0,sid-e383f3a2-1ab6-4a0e-9b02-73baee020cf0,2025/12/09 10:00:10,1,Session-000003
7,CONFIGURE DEVELOPMENT SYSTEM,2025/12/09 10:00:12,2025/12/09 10:00:12,Variant 2,sid-AB394422-8628-4377-B7B8-A25A46935C63,QBP_DEFAULT_RESOURCE,2,0,sid-e383f3a2-1ab6-4a0e-9b02-73baee020cf0,2025/12/09 10:00:11,1,Session-000009
7,CONFIGURE CLASSIFICATION SYSTEM,2025/12/09 10:00:13,2025/12/09 10:00:13,Variant 2,sid-50D70578-9920-4164-BA4D-ED2DFBC6DFC4,QBP_DEFAULT_RESOURCE,2,0,sid-e383f3a2-1ab6-4a0e-9b02-73baee020cf0,2025/12/09 10:00:12,1,Session-000006
7,CONFIGURE EVALUATION SYSTEM,2025/12/09 10:00:14,2025/12/09 10:00:14,Variant 2,sid-8AEFBBF0-A454-4978-9B69-49B3851CF601,QBP_DEFAULT_RESOURCE,2,0,sid-e383f3a2-1ab6-4a0e-9b02-73baee020cf0,2025/12/09 10:00:13,1,Session-000002
7,CONFIGURE CLIENT-SIDE SYSTEMS,2025/12/09 10:00:15,2025/12/09 10:00:15,Variant 2,sid-2A6D8261-8FF9-4B37-A6BF-D919D2DFB69B,QBP_DEFAULT_RESOURCE,2,0,sid-e383f3a2-1ab6-4a0e-9b02-73baee020cf0,2025/12/09 10:00:14,1,Session-000007
7,END,2025/12/09 10:00:15,2025/12/09 10:00:15,Variant 2,sid-B3145B77-A916-4A27-82D5-3A1E113A7FC9,QBP_DEFAULT_RESOURCE,2,0,sid-e383f3a2-1ab6-4a0e-9b02-73baee020cf0,2025/12/09 10:00:15,1,Session-000007
70,START,2025/12/09 10:01:10,2025/12/09 10:01:10,Variant 2,sid-7E063660-AF89-4E86-906B-E703580F1C75,,2,,sid-e383f3a2-1ab6-4a0e-9b02-73baee020cf0,2025/12/09 10:01:10,,
70,CONFIGURE INGESTION SYSTEM,2025/12/09 10:01:12,2025/12/09 10:01:12,Variant 2,sid-52FE4380-2098-41C0-BE60-F2DEACC760F5,QBP_DEFAULT_RESOURCE,2,0,sid-e383f3a2-1ab6-4a0e-9b02-73baee020cf0,2025/12/09 10:01:11,1,Session-000010
70,CONFIGURE PREPARATION SYSTEM,2025/12/09 10:01:13,2025/12/09 10:01:13,Variant 2,sid-C6B14BB8-F42E-43E5-9A7E-0AA34AA52EE6,QBP_DEFAULT_RESOURCE,2,0,sid-e383f3a2-1ab6-4a0e-9b02-73baee020cf0,2025/12/09 10:01:12,1,Session-000004
70,CONFIGURE SEGREGATION SYSTEM,2025/12/09 10:01:14,2025/12/09 10:01:14,Variant 2,sid-1C9C5582-B583-4832-8DEA-4BDBB1AF9F15,QBP_DEFAULT_RESOURCE,2,0,sid-e383f3a2-1ab6-4a0e-9b02-73baee020cf0,2025/12/09 10:01:13,1,Session-000008
70,CONFIGURE DEVELOPMENT SYSTEM,2025/12/09 10:01:15,2025/12/09 10:01:15,Variant 2,sid-AB394422-8628-4377-B7B8-A25A46935C63,QBP_DEFAULT_RESOURCE,2,0,sid-e383f3a2-1ab6-4a0e-9b02-73baee020cf0,2025/12/09 10:01:14,1,Session-000002
70,CONFIGURE CLASSIFICATION SYSTEM,2025/12/09 10:01:16,2025/12/09 10:01:16,Variant 2,sid-50D70578-9920-4164-BA4D-ED2DFBC6DFC4,QBP_DEFAULT_RESOURCE,2,0,sid-e383f3a2-1ab6-4a0e-9b02-73baee020cf0,2025/12/09 10:01:15,1,Session-000005
70,CONFIGURE EVALUATION SYSTEM,2025/12/09 10:01:17,2025/12/09 10:01:17,Variant 2,sid-8AEFBBF0-A454-4978-9B69-49B3851CF601,QBP_DEFAULT_RESOURCE,2,0,sid-e383f3a2-1ab6-4a0e-9b02-73baee020cf0,2025/12/09 10:01:16,1,Session-000009
70,CONFIGURE CLIENT-SIDE SYSTEMS,2025/12/09 10:01:18,2025/12/09 10:01:18,Variant 2,sid-2A6D8261-8FF9-4B37-A6BF-D919D2DFB69B,QBP_DEFAULT_RESOURCE,2,0,sid-e383f3a2-1ab6-4a0e-9b02-73baee020cf0,2025/12/09 10:01:17,1,Session-000003
70,END,2025/12/09 10:01:18,2025/12/09 10:01:18,Variant 2,sid-B3145B77-A916-4A27-82D5-3A1E113A7FC9,QBP_DEFAULT_RESOURCE,2,0,sid-e383f3a2-1ab6-4a0e-9b02-73baee020cf0,2025/12/09 10:01:18,1,Session-000003
71,START,2025/12/09 10:01:11,2025/12/09 10:01:11,Variant 1,sid-7E063660-AF89-4E86-906B-E703580F1C75,,1,,sid-e383f3a2-1ab6-4a0e-9b02-73baee020cf0,2025/12/09 10:01:11,,
71,END,2025/12/09 10:01:11,2025/12/09 10:01:11,Variant 1,sid-B3145B77-A916-4A27-82D5-3A1E113A7FC9,,1,,sid-e383f3a2-1ab6-4a0e-9b02-73baee020cf0,2025/12/09 10:01:11,,
72,START,2025/12/09 10:01:12,2025/12/09 10:01:12,Variant 5,sid-7E063660-AF89-4E86-906B-E703580F1C75,,5,,sid-e383f3a2-1ab6-4a0e-9b02-73baee020cf0,2025/12/09 10:01:12,,
72,EVALUATE CLASSIFIER,2025/12/09 10:01:13,2025/12/09 10:01:13,Variant 5,sid-3F9FCBD8-DDC3-4B0E-83B6-1C5C1C3EAA41,QBP_DEFAULT_RESOURCE,5,0,sid-e383f3a2-1ab6-4a0e-9b02-73baee020cf0,2025/12/09 10:01:12,1,Session-000003
72,CONFIGURE INGESTION SYSTEM,2025/12/09 10:01:14,2025/12/09 10:01:14,Variant 5,sid-52FE4380-2098-41C0-BE60-F2DEACC760F5,QBP_DEFAULT_RESOURCE,5,0,sid-e383f3a2-1ab6-4a0e-9b02-73baee020cf0,2025/12/09 10:01:13,1,Session-000007
72,CONFIGURE PREPARATION SYSTEM,2025/12/09 10:01:15,2025/12/09 10:01:15,Variant 5,sid-C6B14BB8-F42E-43E5-9A7E-0AA34AA52EE6,QBP_DEFAULT_RESOURCE,5,0,sid-e383f3a2-1ab6-4a0e-9b02-73baee020cf0,2025/12/09 10:01:14,1,Session-000001
72,CONFIGURE SEGREGATION SYSTEM,2025/12/09 10:01:16,2025/12/09 10:01:16,Variant 5,sid-1C9C5582-B583-4832-8DEA-4BDBB1AF9F15,QBP_DEFAULT_RESOURCE,5,0,sid-e383f3a2-1ab6-4a0e-9b02-73baee020cf0,2025/12/09 10:01:15,1,Session-000004
72,CONFIGURE DEVELOPMENT SYSTEM,2025/12/09 10:01:17,2025/12/09 10:01:17,Variant 5,sid-AB394422-8628-4377-B7B8-A25A46935C63,QBP_DEFAULT_RESOURCE,5,0,sid-e383f3a2-1ab6-4a0e-9b02-73baee020cf0,2025/12/09 10:01:16,1,Session-000008
72,CONFIGURE CLASSIFICATION SYSTEM,2025/12/09 10:01:18,2025/12/09 10:01:18,Variant 5,sid-50D70578-9920-4164-BA4D-ED2DFBC6DFC4,QBP_DEFAULT_RESOURCE,5,0,sid-e383f3a2-1ab6-4a0e-9b02-73baee020cf0,2025/12/09 10:01:17,1,Session-000002
72,CONFIGURE EVALUATION SYSTEM,2025/12/09 10:01:19,2025/12/09 10:01:19,Variant 5,sid-8AEFBBF0-A454-4978-9B69-49B3851CF601,QBP_DEFAULT_RESOURCE,5,0,sid-e383f3a2-1ab6-4a0e-9b02-73baee020cf0,2025/12/09 10:01:18,1,Session-000007
72,CONFIGURE CLIENT-SIDE SYSTEMS,2025/12/09 10:01:20,2025/12/09 10:01:20,Variant 5,sid-2A6D8261-8FF9-4B37-A6BF-D919D2DFB69B,QBP_DEFAULT_RESOURCE,5,0,sid-e383f3a2-1ab6-4a0e-9b02-73baee020cf0,2025/12/09 10:01:19,1,Session-000001
72,END,2025/12/09 10:01:20,2025/12/09 10:01:20,Variant 5,sid-B3145B77-A916-4A27-82D5-3A1E113A7FC9,QBP_DEFAULT_RESOURCE,5,0,sid-e383f3a2-1ab6-4a0e-9b02-73baee020cf0,2025/12/09 10:01:20,1,Session-000001
73,START,2025/12/09 10:01:13,2025/12/09 10:01:13,Variant 1,sid-7E063660-AF89-4E86-906B-E703580F1C75,,1,,sid-e383f3a2-1ab6-4a0e-9b02-73baee020cf0,2025/12/09 10:01:13,,
73,END,2025/12/09 10:01:13,2025/12/09 10:01:13,Variant 1,sid-B3145B77-A916-4A27-82D5-3A1E113A7FC9,,1,,sid-e383f3a2-1ab6-4a0e-9b02-73baee020cf0,2025/12/09 10:01:13,,
74,START,2025/12/09 10:01:14,2025/12/09 10:01:14,Variant 5,sid-7E063660-AF89-4E86-906B-E703580F1C75,,5,,sid-e383f3a2-1ab6-4a0e-9b02-73baee020cf0,2025/12/09 10:01:14,,
74,EVALUATE CLASSIFIER,2025/12/09 10:01:15,2025/12/09 10:01:15,Variant 5,sid-3F9FCBD8-DDC3-4B0E-83B6-1C5C1C3EAA41,QBP_DEFAULT_RESOURCE,5,0,sid-e383f3a2-1ab6-4a0e-9b02-73baee020cf0,2025/12/09 10:01:14,1,Session-000010
74,CONFIGURE INGESTION SYSTEM,2025/12/09 10:01:16,2025/12/09 10:01:16,Variant 5,sid-52FE4380-2098-41C0-BE60-F2DEACC760F5,QBP_DEFAULT_RESOURCE,5,0,sid-e383f3a2-1ab6-4a0e-9b02-73baee020cf0,2025/12/09 10:01:15,1,Session-000003
74,CONFIGURE PREPARATION SYSTEM,2025/12/09 10:01:17,2025/12/09 10:01:17,Variant 5,sid-C6B14BB8-F42E-43E5-9A7E-0AA34AA52EE6,QBP_DEFAULT_RESOURCE,5,0,sid-e383f3a2-1ab6-4a0e-9b02-73baee020cf0,2025/12/09 10:01:16,1,Session-000007
74,CONFIGURE SEGREGATION SYSTEM,2025/12/09 10:01:18,2025/12/09 10:01:18,Variant 5,sid-1C9C5582-B583-4832-8DEA-4BDBB1AF9F15,QBP_DEFAULT_RESOURCE,5,0,sid-e383f3a2-1ab6-4a0e-9b02-73baee020cf0,2025/12/09 10:01:17,1,Session-000001
74,CONFIGURE DEVELOPMENT SYSTEM,2025/12/09 10:01:19,2025/12/09 10:01:19,Variant 5,sid-AB394422-8628-4377-B7B8-A25A46935C63,QBP_DEFAULT_RESOURCE,5,0,sid-e383f3a2-1ab6-4a0e-9b02-73baee020cf0,2025/12/09 10:01:18,1,Session-000006
74,CONFIGURE CLASSIFICATION SYSTEM,2025/12/09 10:01:20,2025/12/09 10:01:20,Variant 5,sid-50D70578-9920-4164-BA4D-ED2DFBC6DFC4,QBP_DEFAULT_RESOURCE,5,0,sid-e383f3a2-1ab6-4a0e-9b02-73baee020cf0,2025/12/09 10:01:19,1,Session-000010
74,CONFIGURE EVALUATION SYSTEM,2025/12/09 10:01:21,2025/12/09 10:01:21,Variant 5,sid-8AEFBBF0-A454-4978-9B69-49B3851CF601,QBP_DEFAULT_RESOURCE,5,0,sid-e383f3a2-1ab6-4a0e-9b02-73baee020cf0,2025/12/09 10:01:20,1,Session-000004
74,CONFIGURE CLIENT-SIDE SYSTEMS,2025/12/09 10:01:22,2025/12/09 10:01:22,Variant 5,sid-2A6D8261-8FF9-4B37-A6BF-D919D2DFB69B,QBP_DEFAULT_RESOURCE,5,0,sid-e383f3a2-1ab6-4a0e-9b02-73baee020cf0,2025/12/09 10:01:21,1,Session-000007
74,END,2025/12/09 10:01:22,2025/12/09 10:01:22,Variant 5,sid-B3145B77-A916-4A27-82D5-3A1E113A7FC9,QBP_DEFAULT_RESOURCE,5,0,sid-e383f3a2-1ab6-4a0e-9b02-73baee020cf0,2025/12/09 10:01:22,1,Session-000007
75,START,2025/12/09 10:01:15,2025/12/09 10:01:15,Variant 1,sid-7E063660-AF89-4E86-906B-E703580F1C75,,1,,sid-e383f3a2-1ab6-4a0e-9b02-73baee020cf0,2025/12/09 10:01:15,,
75,END,2025/12/09 10:01:15,2025/12/09 10:01:15,Variant 1,sid-B3145B77-A916-4A27-82D5-3A1E113A7FC9,,1,,sid-e383f3a2-1ab6-4a0e-9b02-73baee020cf0,2025/12/09 10:01:15,,
76,START,2025/12/09 10:01:16,2025/12/09 10:01:16,Variant 2,sid-7E063660-AF89-4E86-906B-E703580F1C75,,2,,sid-e383f3a2-1ab6-4a0e-9b02-73baee020cf0,2025/12/09 10:01:16,,
76,CHECK DATA BALANCING,2025/12/09 10:01:17,2025/12/09 10:01:17,Variant 2,sid-B48DF955-D774-4256-AEB6-099744469155,QBP_DEFAULT_RESOURCE,2,0,sid-e383f3a2-1ab6-4a0e-9b02-73baee020cf0,2025/12/09 10:01:16,1,Session-000006
76,CONFIGURE INGESTION SYSTEM,2025/12/09 10:01:18,2025/12/09 10:01:18,Variant 2,sid-52FE4380-2098-41C0-BE60-F2DEACC760F5,QBP_DEFAULT_RESOURCE,2,0,sid-e383f3a2-1ab6-4a0e-9b02-73baee020cf0,2025/12/09 10:01:17,1,Session-000010
76,CONFIGURE PREPARATION SYSTEM,2025/12/09 10:01:19,2025/12/09 10:01:19,Variant 2,sid-C6B14BB8-F42E-43E5-9A7E-0AA34AA52EE6,QBP_DEFAULT_RESOURCE,2,0,sid-e383f3a2-1ab6-4a0e-9b02-73baee020cf0,2025/12/09 10:01:18,1,Session-000005
76,CONFIGURE SEGREGATION SYSTEM,2025/12/09 10:01:20,2025/12/09 10:01:20,Variant 2,sid-1C9C5582-B583-4832-8DEA-4BDBB1AF9F15,QBP_DEFAULT_RESOURCE,2,0,sid-e383f3a2-1ab6-4a0e-9b02-73baee020cf0,2025/12/09 10:01:19,1,Session-000009
76,CONFIGURE DEVELOPMENT SYSTEM,2025/12/09 10:01:21,2025/12/09 10:01:21,Variant 2,sid-AB394422-8628-4377-B7B8-A25A46935C63,QBP_DEFAULT_RESOURCE,2,0,sid-e383f3a2-1ab6-4a0e-9b02-73baee020cf0,2025/12/09 10:01:20,1,Session-000003
76,CONFIGURE CLASSIFICATION SYSTEM,2025/12/09 10:01:22,2025/12/09 10:01:22,Variant 2,sid-50D70578-9920-4164-BA4D-ED2DFBC6DFC4,QBP_DEFAULT_RESOURCE,2,0,sid-e383f3a2-1ab6-4a0e-9b02-73baee020cf0,2025/12/09 10:01:21,1,Session-000006
76,CONFIGURE EVALUATION SYSTEM,2025/12/09 10:01:23,2025/12/09 10:01:23,Variant 2,sid-8AEFBBF0-A454-4978-9B69-49B3851CF601,QBP_DEFAULT_RESOURCE,2,0,sid-e383f3a2-1ab6-4a0e-9b02-73baee020cf0,2025/12/09 10:01:22,1,Session-000009
76,CONFIGURE CLIENT-SIDE SYSTEMS,2025/12/09 10:01:24,2025/12/09 10:01:24,Variant 2,sid-2A6D8261-8FF9-4B37-A6BF-D919D2DFB69B,QBP_DEFAULT_RESOURCE,2,0,sid-e383f3a2-1ab6-4a0e-9b02-73baee020cf0,2025/12/09 10:01:23,1,Session-000001
76,END,2025/12/09 10:01:24,2025/12/09 10:01:24,Variant 2,sid-B3145B77-A916-4A27-82D5-3A1E113A7FC9,QBP_DEFAULT_RESOURCE,2,0,sid-e383f3a2-1ab6-4a0e-9b02-73baee020cf0,2025/12/09 10:01:24,1,Session-000001
77,START,2025/12/09 10:01:17,2025/12/09 10:01:17,Variant 1,sid-7E063660-AF89-4E86-906B-E703580F1C75,,1,,sid-e383f3a2-1ab6-4a0e-9b02-73baee020cf0,2025/12/09 10:01:17,,
77,END,2025/12/09 10:01:17,2025/12/09 10:01:17,Variant 1,sid-B3145B77-A916-4A27-82D5-3A1E113A7FC9,,1,,sid-e383f3a2-1ab6-4a0e-9b02-73baee020cf0,2025/12/09 10:01:17,,
78,START,2025/12/09 10:01:18,2025/12/09 10:01:18,Variant 8,sid-7E063660-AF89-4E86-906B-E703580F1C75,,8,,sid-e383f3a2-1ab6-4a0e-9b02-73baee020cf0,2025/12/09 10:01:18,,
78,CHECK DATA BALANCING,2025/12/09 10:01:19,2025/12/09 10:01:19,Variant 8,sid-B48DF955-D774-4256-AEB6-099744469155,QBP_DEFAULT_RESOURCE,8,0,sid-e383f3a2-1ab6-4a0e-9b02-73baee020cf0,2025/12/09 10:01:18,1,Session-000004
78,CHECK COVERAGE,2025/12/09 10:01:20,2025/12/09 10:01:20,Variant 8,sid-84855BE7-4A74-4AA7-A950-22E81A38081C,QBP_DEFAULT_RESOURCE,8,0,sid-e383f3a2-1ab6-4a0e-9b02-73baee020cf0,2025/12/09 10:01:19,1,Session-000008
78,CHECK VALIDATION RESULTS,2025/12/09 10:01:23,2025/12/09 10:01:23,Variant 8,sid-CDCECFDC-6D1A-4D0D-AC63-4678A965EE2D,QBP_DEFAULT_RESOURCE,8,0,sid-e383f3a2-1ab6-4a0e-9b02-73baee020cf0,2025/12/09 10:01:22,1,Session-000008
78,CHECK VALIDATION RESULTS,2025/12/09 10:01:28,2025/12/09 10:01:28,Variant 8,sid-CDCECFDC-6D1A-4D0D-AC63-4678A965EE2D,QBP_DEFAULT_RESOURCE,8,0,sid-e383f3a2-1ab6-4a0e-9b02-73baee020cf0,2025/12/09 10:01:27,1,Session-000008
78,CHECK TEST RESULTS,2025/12/09 10:01:29,2025/12/09 10:01:29,Variant 8,sid-3F3477CA-2154-443D-990D-BA61AA0EEDD2,QBP_DEFAULT_RESOURCE,8,0,sid-e383f3a2-1ab6-4a0e-9b02-73baee020cf0,2025/12/09 10:01:28,1,Session-000001
78,CONFIGURE INGESTION SYSTEM,2025/12/09 10:01:30,2025/12/09 10:01:30,Variant 8,sid-52FE4380-2098-41C0-BE60-F2DEACC760F5,QBP_DEFAULT_RESOURCE,8,0,sid-e383f3a2-1ab6-4a0e-9b02-73baee020cf0,2025/12/09 10:01:29,1,Session-000004
78,CONFIGURE PREPARATION SYSTEM,2025/12/09 10:01:31,2025/12/09 10:01:31,Variant 8,sid-C6B14BB8-F42E-43E5-9A7E-0AA34AA52EE6,QBP_DEFAULT_RESOURCE,8,0,sid-e383f3a2-1ab6-4a0e-9b02-73baee020cf0,2025/12/09 10:01:30,1,Session-000007
78,CONFIGURE SEGREGATION SYSTEM,2025/12/09 10:01:32,2025/12/09 10:01:32,Variant 8,sid-1C9C5582-B583-4832-8DEA-4BDBB1AF9F15,QBP_DEFAULT_RESOURCE,8,0,sid-e383f3a2-1ab6-4a0e-9b02-73baee020cf0,2025/12/09 10:01:31,1,Session-000010
78,CONFIGURE DEVELOPMENT SYSTEM,2025/12/09 10:01:33,2025/12/09 10:01:33,Variant 8,sid-AB394422-8628-4377-B7B8-A25A46935C63,QBP_DEFAULT_RESOURCE,8,0,sid-e383f3a2-1ab6-4a0e-9b02-73baee020cf0,2025/12/09 10:01:32,1,Session-000004
78,CONFIGURE CLASSIFICATION SYSTEM,2025/12/09 10:01:34,2025/12/09 10:01:34,Variant 8,sid-50D70578-9920-4164-BA4D-ED2DFBC6DFC4,QBP_DEFAULT_RESOURCE,8,0,sid-e383f3a2-1ab6-4a0e-9b02-73baee020cf0,2025/12/09 10:01:33,1,Session-000008
78,CONFIGURE EVALUATION SYSTEM,2025/12/09 10:01:35,2025/12/09 10:01:35,Variant 8,sid-8AEFBBF0-A454-4978-9B69-49B3851CF601,QBP_DEFAULT_RESOURCE,8,0,sid-e383f3a2-1ab6-4a0e-9b02-73baee020cf0,2025/12/09 10:01:34,1,Session-000001
78,CONFIGURE CLIENT-SIDE SYSTEMS,2025/12/09 10:01:36,2025/12/09 10:01:36,Variant 8,sid-2A6D8261-8FF9-4B37-A6BF-D919D2DFB69B,QBP_DEFAULT_RESOURCE,8,0,sid-e383f3a2-1ab6-4a0e-9b02-73baee020cf0,2025/12/09 10:01:35,1,Session-000004
78,END,2025/12/09 10:01:36,2025/12/09 10:01:36,Variant 8,sid-B3145B77-A916-4A27-82D5-3A1E113A7FC9,QBP_DEFAULT_RESOURCE,8,0,sid-e383f3a2-1ab6-4a0e-9b02-73baee020cf0,2025/12/09 10:01:36,1,Session-000004
79,START,2025/12/09 10:01:19,2025/12/09 10:01:19,Variant 1,sid-7E063660-AF89-4E86-906B-E703580F1C75,,1,,sid-e383f3a2-1ab6-4a0e-9b02-73baee020cf0,2025/12/09 10:01:19,,
79,END,2025/12/09 10:01:19,2025/12/09 10:01:19,Variant 1,sid-B3145B77-A916-4A27-82D5-3A1E113A7FC9,,1,,sid-e383f3a2-1ab6-4a0e-9b02-73baee020cf0,2025/12/09 10:01:19,,
8,START,2025/12/09 10:00:08,2025/12/09 10:00:08,Variant 1,sid-7E063660-AF89-4E86-906B-E703580F1C75,,1,,sid-e383f3a2-1ab6-4a0e-9b02-73baee020cf0,2025/12/09 10:00:08,,
8,END,2025/12/09 10:00:08,2025/12/09 10:00:08,Variant 1,sid-B3145B77-A916-4A27-82D5-3A1E113A7FC9,,1,,sid-e383f3a2-1ab6-4a0e-9b02-73baee020cf0,2025/12/09 10:00:08,,
80,START,2025/12/09 10:01:20,2025/12/09 10:01:20,Variant 1,sid-7E063660-AF89-4E86-906B-E703580F1C75,,1,,sid-e383f3a2-1ab6-4a0e-9b02-73baee020cf0,2025/12/09 10:01:20,,
80,END,2025/12/09 10:01:20,2025/12/09 10:01:20,Variant 1,sid-B3145B77-A916-4A27-82D5-3A1E113A7FC9,,1,,sid-e383f3a2-1ab6-4a0e-9b02-73baee020cf0,2025/12/09 10:01:20,,
81,START,2025/12/09 10:01:21,2025/12/09 10:01:21,Variant 1,sid-7E063660-AF89-4E86-906B-E703580F1C75,,1,,sid-e383f3a2-1ab6-4a0e-9b02-73baee020cf0,2025/12/09 10:01:21,,
81,END,2025/12/09 10:01:21,2025/12/09 10:01:21,Variant 1,sid-B3145B77-A916-4A27-82D5-3A1E113A7FC9,,1,,sid-e383f3a2-1ab6-4a0e-9b02-73baee020cf0,2025/12/09 10:01:21,,
82,START,2025/12/09 10:01:22,2025/12/09 10:01:22,Variant 1,sid-7E063660-AF89-4E86-906B-E703580F1C75,,1,,sid-e383f3a2-1ab6-4a0e-9b02-73baee020cf0,2025/12/09 10:01:22,,
82,END,2025/12/09 10:01:22,2025/12/09 10:01:22,Variant 1,sid-B3145B77-A916-4A27-82D5-3A1E113A7FC9,,1,,sid-e383f3a2-1ab6-4a0e-9b02-73baee020cf0,2025/12/09 10:01:22,,
83,START,2025/12/09 10:01:23,2025/12/09 10:01:23,Variant 1,sid-7E063660-AF89-4E86-906B-E703580F1C75,,1,,sid-e383f3a2-1ab6-4a0e-9b02-73baee020cf0,2025/12/09 10:01:23,,
83,END,2025/12/09 10:01:23,2025/12/09 10:01:23,Variant 1,sid-B3145B77-A916-4A27-82D5-3A1E113A7FC9,,1,,sid-e383f3a2-1ab6-4a0e-9b02-73baee020cf0,2025/12/09 10:01:23,,
84,START,2025/12/09 10:01:24,2025/12/09 10:01:24,Variant 1,sid-7E063660-AF89-4E86-906B-E703580F1C75,,1,,sid-e383f3a2-1ab6-4a0e-9b02-73baee020cf0,2025/12/09 10:01:24,,
84,END,2025/12/09 10:01:24,2025/12/09 10:01:24,Variant 1,sid-B3145B77-A916-4A27-82D5-3A1E113A7FC9,,1,,sid-e383f3a2-1ab6-4a0e-9b02-73baee020cf0,2025/12/09 10:01:24,,
85,START,2025/12/09 10:01:25,2025/12/09 10:01:25,Variant 2,sid-7E063660-AF89-4E86-906B-E703580F1C75,,2,,sid-e383f3a2-1ab6-4a0e-9b02-73baee020cf0,2025/12/09 10:01:25,,
85,CHECK DATA BALANCING,2025/12/09 10:01:26,2025/12/09 10:01:26,Variant 2,sid-B48DF955-D774-4256-AEB6-099744469155,QBP_DEFAULT_RESOURCE,2,0,sid-e383f3a2-1ab6-4a0e-9b02-73baee020cf0,2025/12/09 10:01:25,1,Session-000003
85,CONFIGURE INGESTION SYSTEM,2025/12/09 10:01:27,2025/12/09 10:01:27,Variant 2,sid-52FE4380-2098-41C0-BE60-F2DEACC760F5,QBP_DEFAULT_RESOURCE,2,0,sid-e383f3a2-1ab6-4a0e-9b02-73baee020cf0,2025/12/09 10:01:26,1,Session-000005
85,CONFIGURE PREPARATION SYSTEM,2025/12/09 10:01:28,2025/12/09 10:01:28,Variant 2,sid-C6B14BB8-F42E-43E5-9A7E-0AA34AA52EE6,QBP_DEFAULT_RESOURCE,2,0,sid-e383f3a2-1ab6-4a0e-9b02-73baee020cf0,2025/12/09 10:01:27,1,Session-000007
85,CONFIGURE SEGREGATION SYSTEM,2025/12/09 10:01:29,2025/12/09 10:01:29,Variant 2,sid-1C9C5582-B583-4832-8DEA-4BDBB1AF9F15,QBP_DEFAULT_RESOURCE,2,0,sid-e383f3a2-1ab6-4a0e-9b02-73baee020cf0,2025/12/09 10:01:28,1,Session-000010
85,CONFIGURE DEVELOPMENT SYSTEM,2025/12/09 10:01:30,2025/12/09 10:01:30,Variant 2,sid-AB394422-8628-4377-B7B8-A25A46935C63,QBP_DEFAULT_RESOURCE,2,0,sid-e383f3a2-1ab6-4a0e-9b02-73baee020cf0,2025/12/09 10:01:29,1,Session-000003
85,CONFIGURE CLASSIFICATION SYSTEM,2025/12/09 10:01:31,2025/12/09 10:01:31,Variant 2,sid-50D70578-9920-4164-BA4D-ED2DFBC6DFC4,QBP_DEFAULT_RESOURCE,2,0,sid-e383f3a2-1ab6-4a0e-9b02-73baee020cf0,2025/12/09 10:01:30,1,Session-000006
85,CONFIGURE EVALUATION SYSTEM,2025/12/09 10:01:32,2025/12/09 10:01:32,Variant 2,sid-8AEFBBF0-A454-4978-9B69-49B3851CF601,QBP_DEFAULT_RESOURCE,2,0,sid-e383f3a2-1ab6-4a0e-9b02-73baee020cf0,2025/12/09 10:01:31,1,Session-000009
85,CONFIGURE CLIENT-SIDE SYSTEMS,2025/12/09 10:01:33,2025/12/09 10:01:33,Variant 2,sid-2A6D8261-8FF9-4B37-A6BF-D919D2DFB69B,QBP_DEFAULT_RESOURCE,2,0,sid-e383f3a2-1ab6-4a0e-9b02-73baee020cf0,2025/12/09 10:01:32,1,Session-000003
85,END,2025/12/09 10:01:33,2025/12/09 10:01:33,Variant 2,sid-B3145B77-A916-4A27-82D5-3A1E113A7FC9,QBP_DEFAULT_RESOURCE,2,0,sid-e383f3a2-1ab6-4a0e-9b02-73baee020cf0,2025/12/09 10:01:33,1,Session-000003
86,START,2025/12/09 10:01:26,2025/12/09 10:01:26,Variant 1,sid-7E063660-AF89-4E86-906B-E703580F1C75,,1,,sid-e383f3a2-1ab6-4a0e-9b02-73baee020cf0,2025/12/09 10:01:26,,
86,END,2025/12/09 10:01:26,2025/12/09 10:01:26,Variant 1,sid-B3145B77-A916-4A27-82D5-3A1E113A7FC9,,1,,sid-e383f3a2-1ab6-4a0e-9b02-73baee020cf0,2025/12/09 10:01:26,,
87,START,2025/12/09 10:01:27,2025/12/09 10:01:27,Variant 1,sid-7E063660-AF89-4E86-906B-E703580F1C75,,1,,sid-e383f3a2-1ab6-4a0e-9b02-73baee020cf0,2025/12/09 10:01:27,,
87,END,2025/12/09 10:01:27,2025/12/09 10:01:27,Variant 1,sid-B3145B77-A916-4A27-82D5-3A1E113A7FC9,,1,,sid-e383f3a2-1ab6-4a0e-9b02-73baee020cf0,2025/12/09 10:01:27,,
88,START,2025/12/09 10:01:28,2025/12/09 10:01:28,Variant 10,sid-7E063660-AF89-4E86-906B-E703580F1C75,,10,,sid-e383f3a2-1ab6-4a0e-9b02-73baee020cf0,2025/12/09 10:01:28,,
88,CHECK DATA BALANCING,2025/12/09 10:01:29,2025/12/09 10:01:29,Variant 10,sid-B48DF955-D774-4256-AEB6-099744469155,QBP_DEFAULT_RESOURCE,10,0,sid-e383f3a2-1ab6-4a0e-9b02-73baee020cf0,2025/12/09 10:01:28,1,Session-000009
88,CHECK COVERAGE,2025/12/09 10:01:30,2025/12/09 10:01:30,Variant 10,sid-84855BE7-4A74-4AA7-A950-22E81A38081C,QBP_DEFAULT_RESOURCE,10,0,sid-e383f3a2-1ab6-4a0e-9b02-73baee020cf0,2025/12/09 10:01:29,1,Session-000002
88,CHECK VALIDATION RESULTS,2025/12/09 10:01:34,2025/12/09 10:01:34,Variant 10,sid-CDCECFDC-6D1A-4D0D-AC63-4678A965EE2D,QBP_DEFAULT_RESOURCE,10,0,sid-e383f3a2-1ab6-4a0e-9b02-73baee020cf0,2025/12/09 10:01:33,1,Session-000007
88,CHECK TEST RESULTS,2025/12/09 10:01:35,2025/12/09 10:01:35,Variant 10,sid-3F3477CA-2154-443D-990D-BA61AA0EEDD2,QBP_DEFAULT_RESOURCE,10,0,sid-e383f3a2-1ab6-4a0e-9b02-73baee020cf0,2025/12/09 10:01:34,1,Session-000010
88,CONFIGURE INGESTION SYSTEM,2025/12/09 10:01:36,2025/12/09 10:01:36,Variant 10,sid-52FE4380-2098-41C0-BE60-F2DEACC760F5,QBP_DEFAULT_RESOURCE,10,0,sid-e383f3a2-1ab6-4a0e-9b02-73baee020cf0,2025/12/09 10:01:35,1,Session-000003
88,CONFIGURE PREPARATION SYSTEM,2025/12/09 10:01:37,2025/12/09 10:01:37,Variant 10,sid-C6B14BB8-F42E-43E5-9A7E-0AA34AA52EE6,QBP_DEFAULT_RESOURCE,10,0,sid-e383f3a2-1ab6-4a0e-9b02-73baee020cf0,2025/12/09 10:01:36,1,Session-000006
88,CONFIGURE SEGREGATION SYSTEM,2025/12/09 10:01:38,2025/12/09 10:01:38,Variant 10,sid-1C9C5582-B583-4832-8DEA-4BDBB1AF9F15,QBP_DEFAULT_RESOURCE,10,0,sid-e383f3a2-1ab6-4a0e-9b02-73baee020cf0,2025/12/09 10:01:37,1,Session-000008
88,CONFIGURE DEVELOPMENT SYSTEM,2025/12/09 10:01:39,2025/12/09 10:01:39,Variant 10,sid-AB394422-8628-4377-B7B8-A25A46935C63,QBP_DEFAULT_RESOURCE,10,0,sid-e383f3a2-1ab6-4a0e-9b02-73baee020cf0,2025/12/09 10:01:38,1,Session-000010
88,CONFIGURE CLASSIFICATION SYSTEM,2025/12/09 10:01:40,2025/12/09 10:01:40,Variant 10,sid-50D70578-9920-4164-BA4D-ED2DFBC6DFC4,QBP_DEFAULT_RESOURCE,10,0,sid-e383f3a2-1ab6-4a0e-9b02-73baee020cf0,2025/12/09 10:01:39,1,Session-000003
88,CONFIGURE EVALUATION SYSTEM,2025/12/09 10:01:41,2025/12/09 10:01:41,Variant 10,sid-8AEFBBF0-A454-4978-9B69-49B3851CF601,QBP_DEFAULT_RESOURCE,10,0,sid-e383f3a2-1ab6-4a0e-9b02-73baee020cf0,2025/12/09 10:01:40,1,Session-000005
88,CONFIGURE CLIENT-SIDE SYSTEMS,2025/12/09 10:01:42,2025/12/09 10:01:42,Variant 10,sid-2A6D8261-8FF9-4B37-A6BF-D919D2DFB69B,QBP_DEFAULT_RESOURCE,10,0,sid-e383f3a2-1ab6-4a0e-9b02-73baee020cf0,2025/12/09 10:01:41,1,Session-000007
88,END,2025/12/09 10:01:42,2025/12/09 10:01:42,Variant 10,sid-B3145B77-A916-4A27-82D5-3A1E113A7FC9,QBP_DEFAULT_RESOURCE,10,0,sid-e383f3a2-1ab6-4a0e-9b02-73baee020cf0,2025/12/09 10:01:42,1,Session-000007
89,START,2025/12/09 10:01:29,2025/12/09 10:01:29,Variant 1,sid-7E063660-AF89-4E86-906B-E703580F1C75,,1,,sid-e383f3a2-1ab6-4a0e-9b02-73baee020cf0,2025/12/09 10:01:29,,
89,END,2025/12/09 10:01:29,2025/12/09 10:01:29,Variant 1,sid-B3145B77-A916-4A27-82D5-3A1E113A7FC9,,1,,sid-e383f3a2-1ab6-4a0e-9b02-73baee020cf0,2025/12/09 10:01:29,,
9,START,2025/12/09 10:00:09,2025/12/09 10:00:09,Variant 1,sid-7E063660-AF89-4E86-906B-E703580F1C75,,1,,sid-e383f3a2-1ab6-4a0e-9b02-73baee020cf0,2025/12/09 10:00:09,,
9,END,2025/12/09 10:00:09,2025/12/09 10:00:09,Variant 1,sid-B3145B77-A916-4A27-82D5-3A1E113A7FC9,,1,,sid-e383f3a2-1ab6-4a0e-9b02-73baee020cf0,2025/12/09 10:00:09,,
90,START,2025/12/09 10:01:30,2025/12/09 10:01:30,Variant 1,sid-7E063660-AF89-4E86-906B-E703580F1C75,,1,,sid-e383f3a2-1ab6-4a0e-9b02-73baee020cf0,2025/12/09 10:01:30,,
90,END,2025/12/09 10:01:30,2025/12/09 10:01:30,Variant 1,sid-B3145B77-A916-4A27-82D5-3A1E113A7FC9,,1,,sid-e383f3a2-1ab6-4a0e-9b02-73baee020cf0,2025/12/09 10:01:30,,
91,START,2025/12/09 10:01:31,2025/12/09 10:01:31,Variant 1,sid-7E063660-AF89-4E86-906B-E703580F1C75,,1,,sid-e383f3a2-1ab6-4a0e-9b02-73baee020cf0,2025/12/09 10:01:31,,
91,END,2025/12/09 10:01:31,2025/12/09 10:01:31,Variant 1,sid-B3145B77-A916-4A27-82D5-3A1E113A7FC9,,1,,sid-e383f3a2-1ab6-4a0e-9b02-73baee020cf0,2025/12/09 10:01:31,,
92,START,2025/12/09 10:01:32,2025/12/09 10:01:32,Variant 6,sid-7E063660-AF89-4E86-906B-E703580F1C75,,6,,sid-e383f3a2-1ab6-4a0e-9b02-73baee020cf0,2025/12/09 10:01:32,,
92,CHECK DATA BALANCING,2025/12/09 10:01:33,2025/12/09 10:01:33,Variant 6,sid-B48DF955-D774-4256-AEB6-099744469155,QBP_DEFAULT_RESOURCE,6,0,sid-e383f3a2-1ab6-4a0e-9b02-73baee020cf0,2025/12/09 10:01:32,1,Session-000001
92,CHECK COVERAGE,2025/12/09 10:01:34,2025/12/09 10:01:34,Variant 6,sid-84855BE7-4A74-4AA7-A950-22E81A38081C,QBP_DEFAULT_RESOURCE,6,0,sid-e383f3a2-1ab6-4a0e-9b02-73baee020cf0,2025/12/09 10:01:33,1,Session-000006
92,SET NUMBER OF ITERATIONS,2025/12/09 10:01:35,2025/12/09 10:01:35,Variant 6,sid-7D343CDC-849C-4479-9343-9EF1E02C5042,QBP_DEFAULT_RESOURCE,6,0,sid-e383f3a2-1ab6-4a0e-9b02-73baee020cf0,2025/12/09 10:01:34,1,Session-000009
92,CHECK VALIDATION RESULTS,2025/12/09 10:01:36,2025/12/09 10:01:36,Variant 6,sid-CDCECFDC-6D1A-4D0D-AC63-4678A965EE2D,QBP_DEFAULT_RESOURCE,6,0,sid-e383f3a2-1ab6-4a0e-9b02-73baee020cf0,2025/12/09 10:01:35,1,Session-000002
92,SET NUMBER OF ITERATIONS,2025/12/09 10:01:37,2025/12/09 10:01:37,Variant 6,sid-7D343CDC-849C-4479-9343-9EF1E02C5042,QBP_DEFAULT_RESOURCE,6,0,sid-e383f3a2-1ab6-4a0e-9b02-73baee020cf0,2025/12/09 10:01:36,1,Session-000005
92,CHECK VALIDATION RESULTS,2025/12/09 10:01:38,2025/12/09 10:01:38,Variant 6,sid-CDCECFDC-6D1A-4D0D-AC63-4678A965EE2D,QBP_DEFAULT_RESOURCE,6,0,sid-e383f3a2-1ab6-4a0e-9b02-73baee020cf0,2025/12/09 10:01:37,1,Session-000007
92,SET NUMBER OF ITERATIONS,2025/12/09 10:01:39,2025/12/09 10:01:39,Variant 6,sid-7D343CDC-849C-4479-9343-9EF1E02C5042,QBP_DEFAULT_RESOURCE,6,0,sid-e383f3a2-1ab6-4a0e-9b02-73baee020cf0,2025/12/09 10:01:38,1,Session-000009
92,CHECK VALIDATION RESULTS,2025/12/09 10:01:40,2025/12/09 10:01:40,Variant 6,sid-CDCECFDC-6D1A-4D0D-AC63-4678A965EE2D,QBP_DEFAULT_RESOURCE,6,0,sid-e383f3a2-1ab6-4a0e-9b02-73baee020cf0,2025/12/09 10:01:39,1,Session-000002
92,CHECK TEST RESULTS,2025/12/09 10:01:41,2025/12/09 10:01:41,Variant 6,sid-3F3477CA-2154-443D-990D-BA61AA0EEDD2,QBP_DEFAULT_RESOURCE,6,0,sid-e383f3a2-1ab6-4a0e-9b02-73baee020cf0,2025/12/09 10:01:40,1,Session-000004
92,CONFIGURE INGESTION SYSTEM,2025/12/09 10:01:42,2025/12/09 10:01:42,Variant 6,sid-52FE4380-2098-41C0-BE60-F2DEACC760F5,QBP_DEFAULT_RESOURCE,6,0,sid-e383f3a2-1ab6-4a0e-9b02-73baee020cf0,2025/12/09 10:01:41,1,Session-000006
92,CONFIGURE PREPARATION SYSTEM,2025/12/09 10:01:43,2025/12/09 10:01:43,Variant 6,sid-C6B14BB8-F42E-43E5-9A7E-0AA34AA52EE6,QBP_DEFAULT_RESOURCE,6,0,sid-e383f3a2-1ab6-4a0e-9b02-73baee020cf0,2025/12/09 10:01:42,1,Session-000008
92,CONFIGURE SEGREGATION SYSTEM,2025/12/09 10:01:44,2025/12/09 10:01:44,Variant 6,sid-1C9C5582-B583-4832-8DEA-4BDBB1AF9F15,QBP_DEFAULT_RESOURCE,6,0,sid-e383f3a2-1ab6-4a0e-9b02-73baee020cf0,2025/12/09 10:01:43,1,Session-000009
92,CONFIGURE DEVELOPMENT SYSTEM,2025/12/09 10:01:45,2025/12/09 10:01:45,Variant 6,sid-AB394422-8628-4377-B7B8-A25A46935C63,QBP_DEFAULT_RESOURCE,6,0,sid-e383f3a2-1ab6-4a0e-9b02-73baee020cf0,2025/12/09 10:01:44,1,Session-000010
92,CONFIGURE CLASSIFICATION SYSTEM,2025/12/09 10:01:46,2025/12/09 10:01:46,Variant 6,sid-50D70578-9920-4164-BA4D-ED2DFBC6DFC4,QBP_DEFAULT_RESOURCE,6,0,sid-e383f3a2-1ab6-4a0e-9b02-73baee020cf0,2025/12/09 10:01:45,1,Session-000001
92,CONFIGURE EVALUATION SYSTEM,2025/12/09 10:01:47,2025/12/09 10:01:47,Variant 6,sid-8AEFBBF0-A454-4978-9B69-49B3851CF601,QBP_DEFAULT_RESOURCE,6,0,sid-e383f3a2-1ab6-4a0e-9b02-73baee020cf0,2025/12/09 10:01:46,1,Session-000002
92,CONFIGURE CLIENT-SIDE SYSTEMS,2025/12/09 10:01:48,2025/12/09 10:01:48,Variant 6,sid-2A6D8261-8FF9-4B37-A6BF-D919D2DFB69B,QBP_DEFAULT_RESOURCE,6,0,sid-e383f3a2-1ab6-4a0e-9b02-73baee020cf0,2025/12/09 10:01:47,1,Session-000003
92,END,2025/12/09 10:01:48,2025/12/09 10:01:48,Variant 6,sid-B3145B77-A916-4A27-82D5-3A1E113A7FC9,QBP_DEFAULT_RESOURCE,6,0,sid-e383f3a2-1ab6-4a0e-9b02-73baee020cf0,2025/12/09 10:01:48,1,Session-000003
93,START,2025/12/09 10:01:33,2025/12/09 10:01:33,Variant 4,sid-7E063660-AF89-4E86-906B-E703580F1C75,,4,,sid-e383f3a2-1ab6-4a0e-9b02-73baee020cf0,2025/12/09 10:01:33,,
93,EVALUATE CLASSIFIER,2025/12/09 10:01:34,2025/12/09 10:01:34,Variant 4,sid-3F9FCBD8-DDC3-4B0E-83B6-1C5C1C3EAA41,QBP_DEFAULT_RESOURCE,4,0,sid-e383f3a2-1ab6-4a0e-9b02-73baee020cf0,2025/12/09 10:01:33,1,Session-000005
93,END,2025/12/09 10:01:34,2025/12/09 10:01:34,Variant 4,sid-B3145B77-A916-4A27-82D5-3A1E113A7FC9,QBP_DEFAULT_RESOURCE,4,0,sid-e383f3a2-1ab6-4a0e-9b02-73baee020cf0,2025/12/09 10:01:34,1,Session-000005
94,START,2025/12/09 10:01:34,2025/12/09 10:01:34,Variant 1,sid-7E063660-AF89-4E86-906B-E703580F1C75,,1,,sid-e383f3a2-1ab6-4a0e-9b02-73baee020cf0,2025/12/09 10:01:34,,
94,END,2025/12/09 10:01:34,2025/12/09 10:01:34,Variant 1,sid-B3145B77-A916-4A27-82D5-3A1E113A7FC9,,1,,sid-e383f3a2-1ab6-4a0e-9b02-73baee020cf0,2025/12/09 10:01:34,,
95,START,2025/12/09 10:01:35,2025/12/09 10:01:35,Variant 1,sid-7E063660-AF89-4E86-906B-E703580F1C75,,1,,sid-e383f3a2-1ab6-4a0e-9b02-73baee020cf0,2025/12/09 10:01:35,,
95,END,2025/12/09 10:01:35,2025/12/09 10:01:35,Variant 1,sid-B3145B77-A916-4A27-82D5-3A1E113A7FC9,,1,,sid-e383f3a2-1ab6-4a0e-9b02-73baee020cf0,2025/12/09 10:01:35,,
96,START,2025/12/09 10:01:36,2025/12/09 10:01:36,Variant 1,sid-7E063660-AF89-4E86-906B-E703580F1C75,,1,,sid-e383f3a2-1ab6-4a0e-9b02-73baee020cf0,2025/12/09 10:01:36,,
96,END,2025/12/09 10:01:36,2025/12/09 10:01:36,Variant 1,sid-B3145B77-A916-4A27-82D5-3A1E113A7FC9,,1,,sid-e383f3a2-1ab6-4a0e-9b02-73baee020cf0,2025/12/09 10:01:36,,
97,START,2025/12/09 10:01:37,2025/12/09 10:01:37,Variant 1,sid-7E063660-AF89-4E86-906B-E703580F1C75,,1,,sid-e383f3a2-1ab6-4a0e-9b02-73baee020cf0,2025/12/09 10:01:37,,
97,END,2025/12/09 10:01:37,2025/12/09 10:01:37,Variant 1,sid-B3145B77-A916-4A27-82D5-3A1E113A7FC9,,1,,sid-e383f3a2-1ab6-4a0e-9b02-73baee020cf0,2025/12/09 10:01:37,,
98,START,2025/12/09 10:01:38,2025/12/09 10:01:38,Variant 1,sid-7E063660-AF89-4E86-906B-E703580F1C75,,1,,sid-e383f3a2-1ab6-4a0e-9b02-73baee020cf0,2025/12/09 10:01:38,,
98,END,2025/12/09 10:01:38,2025/12/09 10:01:38,Variant 1,sid-B3145B77-A916-4A27-82D5-3A1E113A7FC9,,1,,sid-e383f3a2-1ab6-4a0e-9b02-73baee020cf0,2025/12/09 10:01:38,,
99,START,2025/12/09 10:01:39,2025/12/09 10:01:39,Variant 4,sid-7E063660-AF89-4E86-906B-E703580F1C75,,4,,sid-e383f3a2-1ab6-4a0e-9b02-73baee020cf0,2025/12/09 10:01:39,,
99,EVALUATE CLASSIFIER,2025/12/09 10:01:40,2025/12/09 10:01:40,Variant 4,sid-3F9FCBD8-DDC3-4B0E-83B6-1C5C1C3EAA41,QBP_DEFAULT_RESOURCE,4,0,sid-e383f3a2-1ab6-4a0e-9b02-73baee020cf0,2025/12/09 10:01:39,1,Session-000001
99,END,2025/12/09 10:01:40,2025/12/09 10:01:40,Variant 4,sid-B3145B77-A916-4A27-82D5-3A1E113A7FC9,QBP_DEFAULT_RESOURCE,4,0,sid-e383f3a2-1ab6-4a0e-9b02-73baee020cf0,2025/12/09 10:01:40,1,Session-000001